"","indiv.ID","Omy_AldA.1","Omy_AldA.2","SH95489_423.1","SH95489_423.2","SH100771_63.1","SH100771_63.2","SH102510_682.1","SH102510_682.2","SH105115_367.1","SH105115_367.2","SH108735_311.1","SH108735_311.2","SH110201_359.1","SH110201_359.2","SH113128_73.1","SH113128_73.2","SH117286_374.1","SH117286_374.2","SH119892_365.1","SH119892_365.2","OMGH1PROM1_SNP1.1","OMGH1PROM1_SNP1.2","Omy_arp_630.1","Omy_arp_630.2","SH96222_125.1","SH96222_125.2","SH100974_386.1","SH100974_386.2","SH102867_443.1","SH102867_443.2","SH105385_406.1","SH105385_406.2","SH109243_222.1","SH109243_222.2","SH110362_585.1","SH110362_585.2","SH114315_438.1","SH114315_438.2","SH117370_400.1","SH117370_400.2","SH120255_332.1","SH120255_332.2","SH128851_273.1","SH128851_273.2","Omy_aspAT_123.1","Omy_aspAT_123.2","Omy_g12_82.1","Omy_g12_82.2","SH97077_73.1","SH97077_73.2","SH101554_306.1","SH101554_306.2","SH103350_395.1","SH103350_395.2","SH105386_347.1","SH105386_347.2","SH109525_403.1","SH109525_403.2","SH110689_148.1","SH110689_148.2","SH117540_259.1","SH117540_259.2","SH120950_569.1","SH120950_569.2","SH128996_481.1","SH128996_481.2","Omy_COX1_221.1","Omy_COX1_221.2","Omy_gh_475.1","Omy_gh_475.2","SH97954_618.1","SH97954_618.2","SH101770_410.1","SH101770_410.2","SH103577_379.1","SH103577_379.2","SH105714_265.1","SH105714_265.2","SH109651_445.1","SH109651_445.2","SH111666_301.1","SH111666_301.2","SH114587_480.1","SH114587_480.2","SH117815_81.1","SH117815_81.2","SH129870_756.1","SH129870_756.2","Omy_nramp_146.1","Omy_nramp_146.2","Omy_gsdf_291.1","Omy_gsdf_291.2","SH98188_405.1","SH98188_405.2","SH101832_195.1","SH101832_195.2","SH103705_558.1","SH103705_558.2","SH106172_332.1","SH106172_332.2","SH109693_461.1","SH109693_461.2","SH112208_328.1","SH112208_328.2","SH114976_223.1","SH114976_223.2","SH118175_396.1","SH118175_396.2","SH123044_128.1","SH123044_128.2","SH130524_160.1","SH130524_160.2","Omy_Ogo4_304.1","Omy_Ogo4_304.2","Omy_mapK3_103.1","Omy_mapK3_103.2","SH98409_549.1","SH98409_549.2","SH101993_189.1","SH101993_189.2","SH104519_624.1","SH104519_624.2","SH106313_445.1","SH106313_445.2","SH109874_148.1","SH109874_148.2","SH112301_202.1","SH112301_202.2","SH115987_812.1","SH115987_812.2","SH118654_91.1","SH118654_91.2","SH125998_61.1","SH125998_61.2","SH130720_100.1","SH130720_100.2","OMY_PEPA_INT6.1","OMY_PEPA_INT6.2","Omy_mcsf_371.1","Omy_mcsf_371.2","SH98683_165.1","SH98683_165.2","SH102420_634.1","SH102420_634.2","SH105075_162.1","SH105075_162.2","SH110064_419.1","SH110064_419.2","SH112820_82.1","SH112820_82.2","SH116733_349.1","SH116733_349.2","SH118938_341.1","SH118938_341.2","SH127236_583.1","SH127236_583.2","SH131460_646.1","SH131460_646.2","ONMYCRBF_1_SNP1.1","ONMYCRBF_1_SNP1.2","SH95318_147.1","SH95318_147.2","SH99300_202.1","SH99300_202.2","SH102505_102.1","SH102505_102.2","SH105105_448.1","SH105105_448.2","SH107285_69.1","SH107285_69.2","SH110078_294.1","SH110078_294.2","SH113109_205.1","SH113109_205.2","SH117259_96.1","SH117259_96.2","SH119108_357.1","SH119108_357.2","SH127510_920.1","SH127510_920.2","SH131965_120.1","SH131965_120.2","Omy_Ch22_VGLL3.1_haplotype.1","Omy_Ch22_VGLL3.1_haplotype.2","Omy_Ch22_VGLL3.6_snp1_haplotype.1","Omy_Ch22_VGLL3.6_snp1_haplotype.2","Omy_Ch25_Six6_61285646_haplotype.1","Omy_Ch25_Six6_61285646_haplotype.2","Omy_Ch25_Six6_61287415_haplotype.1","Omy_Ch25_Six6_61287415_haplotype.2","Omy_Ch25_Six6_61317685_haplotype.1","Omy_Ch25_Six6_61317685_haplotype.2","Omy_Ch25_Six6.2_haplotype.1","Omy_Ch25_Six6.2_haplotype.2","Omy_Ch25_Six6.3_haplotype.1","Omy_Ch25_Six6.3_haplotype.2","Omy_Ch28_11625241_C_haplotype.1","Omy_Ch28_11625241_C_haplotype.2","Omy_Ch28_greb1_mhap1_haplotype.1","Omy_Ch28_greb1_mhap1_haplotype.2","Omy_Ch28_greb1_mhap10_haplotype.1","Omy_Ch28_greb1_mhap10_haplotype.2","Omy_Ch28_greb1_mhap2_haplotype.1","Omy_Ch28_greb1_mhap2_haplotype.2","tag_id_1092_hap1_code.1","tag_id_1092_hap1_code.2","tag_id_1168_hap1_code.1","tag_id_1168_hap1_code.2","tag_id_1259_hap1_code.1","tag_id_1259_hap1_code.2","tag_id_1318_hap1_code.1","tag_id_1318_hap1_code.2","tag_id_1508_hap1_code.1","tag_id_1508_hap1_code.2","tag_id_1521_hap1_code.1","tag_id_1521_hap1_code.2","tag_id_1525_hap1_code.1","tag_id_1525_hap1_code.2","tag_id_1545_hap1_code.1","tag_id_1545_hap1_code.2","tag_id_1569_hap1_code.1","tag_id_1569_hap1_code.2","tag_id_159_hap1_code.1","tag_id_159_hap1_code.2","tag_id_1614_hap1_code.1","tag_id_1614_hap1_code.2","tag_id_1621_hap1_code.1","tag_id_1621_hap1_code.2","tag_id_1637_hap1_code.1","tag_id_1637_hap1_code.2","tag_id_1712_hap1_code.1","tag_id_1712_hap1_code.2","tag_id_1762_hap1_code.1","tag_id_1762_hap1_code.2","tag_id_1880_hap1_code.1","tag_id_1880_hap1_code.2","tag_id_1891_hap1_code.1","tag_id_1891_hap1_code.2","tag_id_1923_hap1_code.1","tag_id_1923_hap1_code.2","tag_id_194_hap1_code.1","tag_id_194_hap1_code.2","tag_id_2031_hap1_code.1","tag_id_2031_hap1_code.2","tag_id_2073_hap1_code.1","tag_id_2073_hap1_code.2","tag_id_208_hap1_code.1","tag_id_208_hap1_code.2","tag_id_2124_hap1_code.1","tag_id_2124_hap1_code.2","tag_id_214_hap1_code.1","tag_id_214_hap1_code.2","tag_id_2147_hap1_code.1","tag_id_2147_hap1_code.2","tag_id_2178_hap1_code.1","tag_id_2178_hap1_code.2","tag_id_2196_hap1_code.1","tag_id_2196_hap1_code.2","tag_id_2197_hap1_code.1","tag_id_2197_hap1_code.2","tag_id_221_hap1_code.1","tag_id_221_hap1_code.2","tag_id_2235_hap1_code.1","tag_id_2235_hap1_code.2","tag_id_2243_hap1_code.1","tag_id_2243_hap1_code.2","tag_id_2246_hap1_code.1","tag_id_2246_hap1_code.2","tag_id_2253_hap1_code.1","tag_id_2253_hap1_code.2","tag_id_230_hap1_code.1","tag_id_230_hap1_code.2","tag_id_2317_hap1_code.1","tag_id_2317_hap1_code.2","tag_id_2483_hap1_code.1","tag_id_2483_hap1_code.2","tag_id_2528_hap1_code.1","tag_id_2528_hap1_code.2","tag_id_2541_hap1_code.1","tag_id_2541_hap1_code.2","tag_id_2557_hap1_code.1","tag_id_2557_hap1_code.2","tag_id_2688_hap1_code.1","tag_id_2688_hap1_code.2","tag_id_278_hap1_code.1","tag_id_278_hap1_code.2","tag_id_2902_hap1_code.1","tag_id_2902_hap1_code.2","tag_id_2930_hap1_code.1","tag_id_2930_hap1_code.2","tag_id_2954_hap1_code.1","tag_id_2954_hap1_code.2","tag_id_2972_hap1_code.1","tag_id_2972_hap1_code.2","tag_id_2980_hap1_code.1","tag_id_2980_hap1_code.2","tag_id_3028_hap1_code.1","tag_id_3028_hap1_code.2","tag_id_3066_hap1_code.1","tag_id_3066_hap1_code.2","tag_id_3075_hap1_code.1","tag_id_3075_hap1_code.2","tag_id_3090_hap1_code.1","tag_id_3090_hap1_code.2","tag_id_3093_hap1_code.1","tag_id_3093_hap1_code.2","tag_id_3119_hap1_code.1","tag_id_3119_hap1_code.2","tag_id_3125_hap1_code.1","tag_id_3125_hap1_code.2","tag_id_3138_hap1_code.1","tag_id_3138_hap1_code.2","tag_id_3152_hap1_code.1","tag_id_3152_hap1_code.2","tag_id_3215_hap1_code.1","tag_id_3215_hap1_code.2","tag_id_3258_hap1_code.1","tag_id_3258_hap1_code.2","tag_id_3282_hap1_code.1","tag_id_3282_hap1_code.2","tag_id_3292_hap1_code.1","tag_id_3292_hap1_code.2","tag_id_3298_hap1_code.1","tag_id_3298_hap1_code.2","tag_id_3328_hap1_code.1","tag_id_3328_hap1_code.2","tag_id_3343_hap1_code.1","tag_id_3343_hap1_code.2","tag_id_3395_hap1_code.1","tag_id_3395_hap1_code.2","tag_id_3396_hap1_code.1","tag_id_3396_hap1_code.2","tag_id_3420_hap1_code.1","tag_id_3420_hap1_code.2","tag_id_3457_hap1_code.1","tag_id_3457_hap1_code.2","tag_id_346_hap1_code.1","tag_id_346_hap1_code.2","tag_id_3482_hap1_code.1","tag_id_3482_hap1_code.2","tag_id_3509_hap1_code.1","tag_id_3509_hap1_code.2","tag_id_3543_hap1_code.1","tag_id_3543_hap1_code.2","tag_id_3545_hap1_code.1","tag_id_3545_hap1_code.2","tag_id_3655_hap1_code.1","tag_id_3655_hap1_code.2","tag_id_3724_hap1_code.1","tag_id_3724_hap1_code.2","tag_id_3734_hap1_code.1","tag_id_3734_hap1_code.2","tag_id_381_hap1_code.1","tag_id_381_hap1_code.2","tag_id_3853_hap1_code.1","tag_id_3853_hap1_code.2","tag_id_4127_hap1_code.1","tag_id_4127_hap1_code.2","tag_id_4183_hap1_code.1","tag_id_4183_hap1_code.2","tag_id_4216_hap1_code.1","tag_id_4216_hap1_code.2","tag_id_4230_hap1_code.1","tag_id_4230_hap1_code.2","tag_id_4246_hap1_code.1","tag_id_4246_hap1_code.2","tag_id_4282_hap1_code.1","tag_id_4282_hap1_code.2","tag_id_4284_hap1_code.1","tag_id_4284_hap1_code.2","tag_id_4361_hap1_code.1","tag_id_4361_hap1_code.2","tag_id_4372_hap1_code.1","tag_id_4372_hap1_code.2","tag_id_4512_hap1_code.1","tag_id_4512_hap1_code.2","tag_id_4529_hap1_code.1","tag_id_4529_hap1_code.2","tag_id_4536_hap1_code.1","tag_id_4536_hap1_code.2","tag_id_4559_hap1_code.1","tag_id_4559_hap1_code.2","tag_id_4585_hap1_code.1","tag_id_4585_hap1_code.2","tag_id_4629_hap1_code.1","tag_id_4629_hap1_code.2","tag_id_4693_hap1_code.1","tag_id_4693_hap1_code.2","tag_id_4766_hap1_code.1","tag_id_4766_hap1_code.2","tag_id_483_hap1_code.1","tag_id_483_hap1_code.2","tag_id_4931_hap1_code.1","tag_id_4931_hap1_code.2","tag_id_4933_hap1_code.1","tag_id_4933_hap1_code.2","tag_id_4946_hap1_code.1","tag_id_4946_hap1_code.2","tag_id_5027_hap1_code.1","tag_id_5027_hap1_code.2","tag_id_5157_hap1_code.1","tag_id_5157_hap1_code.2","tag_id_5262_hap1_code.1","tag_id_5262_hap1_code.2","tag_id_5463_hap1_code.1","tag_id_5463_hap1_code.2","tag_id_5682_hap1_code.1","tag_id_5682_hap1_code.2","tag_id_5695_hap1_code.1","tag_id_5695_hap1_code.2","tag_id_580_hap1_code.1","tag_id_580_hap1_code.2","tag_id_613_hap1_code.1","tag_id_613_hap1_code.2","tag_id_643_hap1_code.1","tag_id_643_hap1_code.2","tag_id_6523_hap1_code.1","tag_id_6523_hap1_code.2","tag_id_6878_hap1_code.1","tag_id_6878_hap1_code.2","tag_id_71_hap1_code.1","tag_id_71_hap1_code.2","tag_id_732_hap1_code.1","tag_id_732_hap1_code.2","tag_id_7894_hap1_code.1","tag_id_7894_hap1_code.2","tag_id_793_hap1_code.1","tag_id_793_hap1_code.2","tag_id_7998_hap1_code.1","tag_id_7998_hap1_code.2","tag_id_8063_hap1_code.1","tag_id_8063_hap1_code.2","tag_id_877_hap1_code.1","tag_id_877_hap1_code.2","tag_id_894_hap1_code.1","tag_id_894_hap1_code.2","tag_id_899_hap1_code.1","tag_id_899_hap1_code.2","tag_id_986_hap1_code.1","tag_id_986_hap1_code.2"
"1","M145489",3,3,3,1,4,1,2,2,2,3,1,1,1,1,2,3,1,4,2,2,1,1,1,1,3,1,1,1,2,1,3,3,3,3,4,4,1,1,0,0,1,4,1,1,0,0,2,2,4,4,3,1,3,4,3,3,4,4,4,4,2,2,2,2,2,1,4,4,2,2,1,3,1,1,4,1,3,3,3,3,4,1,1,1,1,3,3,3,1,3,1,1,3,3,4,4,3,3,2,2,4,1,3,3,1,1,4,1,1,3,2,3,3,3,4,1,4,4,1,4,3,3,2,2,4,4,1,1,1,3,2,2,1,1,1,1,3,1,4,2,4,4,2,2,2,1,2,1,4,4,3,3,1,1,2,2,1,1,3,3,1,3,4,4,4,4,3,3,2,3,2,4,2,2,3,1,3,3,1,1,3,3,1,1,1,2,1,1,1,1,1,1,1,1,1,1,1,2,1,1,1,2,1,1,4,4,2,2,3,3,4,5,3,3,2,2,2,3,1,1,1,2,3,3,2,5,1,1,3,3,1,1,1,3,5,5,2,3,2,2,1,3,1,2,1,1,2,2,1,2,2,2,2,2,1,1,2,3,2,4,4,4,1,1,5,5,1,1,3,4,3,3,2,2,3,3,5,5,4,4,2,3,4,4,1,7,3,3,2,3,1,2,6,6,3,3,3,3,2,3,1,3,2,3,2,4,2,2,2,2,1,1,4,4,1,2,3,4,1,1,3,3,1,3,2,4,2,4,1,2,1,2,3,3,4,4,1,2,1,2,1,1,3,3,3,3,4,4,1,2,3,3,1,3,1,1,1,1,2,2,2,2,1,1,2,3,1,1,1,2,2,2,2,3,1,1,1,3,2,2,2,4,4,4,3,3,2,3,3,4,4,4,2,2,1,1,4,4,3,3,3,3,3,4,2,3,3,3,3,3,1,3,1,2,2,4,1,1,4,4,1,1,4,4,1,3,3,3,3,4,1,2,3,4,2,2,2,2,2,2
"2","M145490",4,4,3,1,4,4,2,2,2,2,1,3,2,2,0,0,1,4,2,2,1,4,1,1,1,1,3,1,2,1,1,1,3,3,2,2,1,1,4,4,1,4,4,1,3,3,2,4,1,1,3,1,3,4,3,3,4,4,3,4,2,1,2,2,2,2,4,1,2,2,3,3,1,1,1,1,1,1,3,3,4,1,1,1,1,3,1,1,3,3,3,3,3,1,4,4,3,1,2,2,1,1,1,1,2,1,4,4,1,3,2,3,1,1,4,1,2,4,1,4,3,1,1,1,4,4,1,1,1,1,2,4,1,1,1,1,3,1,4,4,3,4,2,1,2,2,1,1,2,2,3,3,1,1,2,2,1,3,1,3,1,1,4,4,4,4,1,1,2,3,4,4,2,1,3,1,3,1,1,1,3,3,1,1,1,1,2,2,2,2,2,2,2,2,2,2,2,2,1,1,1,3,2,2,1,4,2,2,3,3,2,4,3,3,2,2,3,3,1,2,1,1,3,3,2,5,1,2,3,3,1,2,1,3,1,1,2,3,2,3,1,3,1,1,1,3,2,2,1,2,5,5,2,2,1,3,2,3,4,4,2,4,3,3,5,5,1,1,3,4,2,2,2,2,3,3,5,6,4,5,1,3,2,4,7,7,3,3,3,3,1,1,1,1,3,3,3,3,3,3,1,3,3,3,3,4,2,2,2,2,1,1,4,4,2,2,3,4,1,3,3,3,3,3,4,5,4,4,1,1,1,2,1,5,4,4,1,2,1,3,1,3,2,3,1,3,1,4,1,1,3,3,1,4,1,1,1,1,2,3,1,1,1,1,3,3,2,2,2,2,2,2,2,3,1,1,1,1,2,2,4,4,4,4,3,4,2,2,3,3,3,4,1,2,1,2,4,5,1,3,1,2,2,3,2,2,3,3,2,3,1,2,1,2,2,2,1,3,4,4,1,1,1,3,1,2,1,3,3,4,2,2,4,5,2,3,2,2,1,2
"3","M145491",4,4,1,1,4,4,2,1,2,2,3,3,1,1,2,3,1,4,2,2,1,4,1,1,3,1,3,3,2,1,3,3,3,4,4,2,1,1,2,4,1,4,1,1,3,1,4,4,4,4,1,1,3,4,3,3,0,0,4,4,2,1,2,2,2,1,1,1,2,2,1,1,3,1,4,1,3,3,3,3,1,1,1,1,3,3,3,3,1,3,3,1,3,1,3,4,3,1,2,2,4,1,1,1,2,2,1,1,1,3,3,3,1,1,1,1,2,4,1,4,3,3,1,1,2,4,1,1,1,3,2,4,1,1,3,3,3,3,4,4,3,4,1,1,2,1,2,1,4,4,3,3,1,1,2,3,1,1,1,1,1,3,4,4,4,4,1,3,2,3,4,4,2,2,3,1,3,1,1,1,3,3,2,2,1,1,1,1,1,1,1,1,1,1,1,1,2,2,1,1,2,2,2,1,4,4,2,2,2,3,5,5,1,1,1,2,2,2,1,2,1,2,3,3,5,5,1,1,3,3,3,3,3,3,1,4,5,5,2,3,1,3,1,1,1,3,1,1,1,2,2,5,2,2,1,3,3,3,3,3,4,4,1,1,5,5,1,2,1,3,3,3,2,3,3,3,3,6,4,4,1,3,3,4,1,7,3,3,3,3,1,1,1,1,3,3,3,3,2,3,1,3,2,3,3,4,2,2,2,2,3,3,3,4,2,5,3,4,1,1,2,2,3,3,4,4,4,6,1,1,1,1,1,1,4,4,1,1,1,4,1,1,3,3,1,3,1,4,1,1,3,4,3,4,1,3,1,2,2,2,1,2,1,1,2,3,1,2,2,5,2,2,2,2,1,3,1,1,2,2,2,4,4,4,3,4,2,2,3,4,4,4,2,2,2,2,4,5,1,3,2,3,3,3,2,4,3,3,2,3,1,3,1,2,2,5,1,3,4,4,1,1,1,4,1,2,3,4,3,3,1,1,4,4,0,0,2,2,2,2
"4","M145492",4,4,3,1,4,4,2,1,2,3,1,1,2,1,2,3,1,1,2,2,1,1,1,1,1,1,3,1,1,1,1,1,3,3,4,2,2,1,2,2,4,4,1,1,1,1,2,4,4,4,3,3,3,4,3,4,2,4,3,4,2,1,2,1,2,2,4,1,2,2,1,1,3,1,4,1,1,3,1,3,4,1,1,1,3,3,1,1,1,3,1,1,3,3,3,4,3,1,2,2,4,1,1,1,2,2,4,1,0,0,3,3,3,3,4,1,4,4,1,4,3,1,1,1,4,4,1,1,1,1,2,4,1,1,3,3,1,1,4,4,3,4,2,1,2,2,1,1,4,2,1,3,1,1,2,2,1,3,1,1,1,3,4,4,2,4,1,3,2,3,2,4,2,1,3,1,3,1,1,3,3,3,1,1,1,1,1,2,1,2,1,2,1,2,2,1,2,2,1,1,1,3,1,1,1,2,2,2,3,3,4,5,1,3,1,2,2,2,2,5,2,2,3,3,2,5,1,2,3,3,1,1,1,2,1,5,5,5,3,3,3,3,1,2,1,1,2,4,1,2,2,2,2,2,1,1,3,3,2,4,4,4,1,1,5,5,1,1,1,1,2,3,3,3,3,3,5,6,3,4,1,3,4,4,3,7,3,3,3,3,1,1,2,2,3,3,3,3,2,3,1,3,1,3,2,4,2,2,2,2,3,3,4,4,2,5,3,3,1,3,2,3,1,2,4,4,2,6,1,1,1,1,1,1,4,4,1,2,3,3,1,1,3,3,3,3,4,5,1,1,2,3,4,4,1,3,2,2,2,2,1,1,1,1,1,3,2,2,2,2,2,2,3,3,1,3,1,1,2,2,4,4,5,5,3,3,2,2,3,3,4,6,1,2,2,2,4,5,3,3,3,3,2,3,3,4,3,3,2,2,2,2,1,2,2,5,1,1,2,4,1,1,3,3,1,3,1,5,3,5,2,3,3,5,3,3,2,3,1,2
"5","M145493",4,4,3,1,4,1,2,2,2,2,1,3,2,2,2,2,1,4,2,2,0,0,1,1,1,1,3,1,2,1,3,1,3,3,4,2,2,1,2,2,4,4,1,1,3,1,2,2,4,4,3,3,4,4,0,0,0,0,3,4,2,2,2,2,2,1,1,1,2,2,1,1,3,1,4,4,1,1,3,3,4,1,1,1,3,3,1,1,1,3,1,1,3,3,3,4,3,1,2,2,4,4,1,1,2,2,4,1,1,3,2,3,3,1,4,4,4,4,1,4,3,1,1,1,4,4,1,1,1,3,2,2,1,1,1,3,1,1,4,4,4,4,2,1,2,1,1,1,4,4,3,3,1,1,2,2,1,3,1,1,1,3,4,4,4,4,1,3,2,2,4,4,2,2,3,1,3,1,1,3,1,3,1,1,1,1,2,2,1,2,1,1,1,1,1,1,2,2,1,1,3,2,2,1,3,4,2,2,3,3,5,5,3,3,2,2,2,2,2,7,2,2,3,3,1,5,1,1,3,3,1,3,3,3,1,1,2,5,3,3,3,3,1,1,1,1,1,2,1,2,2,2,2,2,1,3,3,3,2,3,3,4,1,1,5,5,1,1,1,3,3,3,2,3,3,3,5,6,4,4,1,3,4,4,7,7,3,3,3,3,1,1,1,2,3,3,3,4,2,3,3,3,2,3,3,4,2,2,2,2,3,3,4,4,2,5,3,4,1,1,2,3,3,3,2,4,2,4,1,2,1,1,1,5,4,4,1,2,1,3,1,3,2,3,3,3,4,5,1,2,3,3,4,4,1,1,1,2,2,2,1,1,1,1,1,3,2,2,2,5,2,2,2,3,1,1,1,3,2,2,4,4,4,4,3,4,2,3,3,3,3,4,2,2,2,2,4,4,3,3,3,3,2,3,2,4,3,3,2,2,1,2,1,2,2,2,1,1,3,4,1,2,1,1,1,3,3,5,4,4,2,2,4,5,3,4,2,4,2,2
"6","M145494",0,0,3,1,4,4,2,2,2,2,1,1,2,1,2,2,1,1,2,2,1,4,1,3,3,1,3,3,1,1,1,1,3,3,4,2,2,1,2,4,1,4,1,1,0,0,2,4,4,1,3,3,3,4,3,3,2,2,3,3,2,2,2,2,2,2,1,1,2,2,1,1,1,1,4,1,1,1,1,3,4,1,2,1,1,3,3,3,1,3,1,1,3,3,3,3,3,1,2,2,4,1,1,1,2,1,1,1,1,1,2,3,1,1,1,1,4,4,1,4,3,3,1,1,2,2,1,1,1,1,2,2,2,2,1,3,3,3,4,4,3,4,1,1,2,2,2,1,4,4,1,3,1,1,2,2,1,1,1,1,1,3,4,4,4,4,3,3,2,3,4,4,2,1,3,1,3,1,1,3,3,3,1,1,1,1,1,2,1,2,1,1,1,2,1,1,2,2,1,1,3,2,2,1,1,2,2,2,3,3,5,5,3,3,1,2,2,2,1,7,1,2,3,3,2,3,1,1,3,3,2,3,2,3,5,5,5,5,2,2,3,3,1,2,1,1,2,2,1,1,2,2,2,2,1,3,3,3,3,3,4,4,1,3,5,5,1,1,3,3,2,3,2,3,3,3,5,5,4,4,1,2,3,4,7,7,2,3,3,3,1,1,1,6,3,3,1,4,2,3,1,3,2,2,3,4,1,2,1,2,3,3,4,4,2,5,3,3,1,2,3,3,1,3,2,4,2,4,1,2,1,2,1,1,4,4,1,1,3,3,1,1,3,3,3,3,4,5,1,1,3,3,3,3,1,3,1,1,2,3,1,1,1,1,1,2,2,2,2,5,2,2,4,4,1,2,3,3,2,2,4,4,4,4,3,4,2,2,3,3,4,4,2,2,1,2,4,5,1,3,3,3,2,3,2,4,3,3,2,2,1,1,1,2,2,2,1,1,4,4,2,2,4,4,2,3,1,1,3,4,1,3,4,4,4,4,2,2,2,2
"7","M145495",3,4,3,3,4,1,2,2,3,3,1,1,2,2,2,2,4,4,2,2,1,4,3,3,1,1,3,1,1,1,3,1,3,3,2,2,2,1,2,4,4,4,1,1,3,1,2,2,4,1,3,1,3,4,3,3,4,4,3,4,2,2,2,2,2,1,1,1,4,4,1,3,3,1,4,1,1,1,3,3,1,1,1,1,1,3,1,1,1,3,1,1,3,3,3,4,3,1,2,2,1,1,3,1,1,1,1,1,3,3,3,3,3,3,4,4,4,4,4,4,3,3,2,1,4,4,1,1,1,3,2,4,1,1,3,3,3,3,4,4,3,4,2,1,2,2,1,1,4,4,3,3,1,4,2,2,1,1,1,3,3,3,4,4,2,4,3,3,3,3,2,4,2,2,3,3,3,1,3,3,3,3,1,1,1,1,2,2,1,1,1,1,1,1,1,1,2,2,1,1,1,4,1,1,4,4,1,2,3,3,4,4,3,3,2,2,2,2,2,5,2,2,3,3,2,5,1,1,3,3,1,3,2,2,5,5,2,5,3,3,3,3,2,2,1,3,1,5,2,2,2,2,2,2,1,1,2,2,3,3,2,4,1,1,5,5,1,1,3,3,3,3,3,3,3,3,5,5,4,5,1,3,3,3,7,7,3,3,3,3,1,2,4,4,3,3,3,3,3,3,3,4,3,3,4,4,1,2,1,2,1,3,4,4,2,2,3,3,1,1,2,3,3,3,2,4,1,4,1,2,2,2,1,3,4,4,1,2,5,5,1,3,3,3,3,3,4,4,1,1,3,3,3,3,1,3,2,2,2,2,1,1,1,1,1,1,2,2,2,2,2,2,2,4,1,1,1,1,1,2,4,4,4,4,3,3,0,0,3,3,4,4,2,2,1,2,4,4,1,1,3,3,3,3,3,4,3,3,2,2,1,2,1,2,2,2,1,1,2,2,1,2,1,4,1,3,3,6,3,4,1,1,4,4,2,3,2,2,2,2
"8","M145496",3,4,3,1,4,4,0,0,2,2,1,3,1,1,3,3,1,1,2,2,4,4,1,1,3,1,1,1,2,1,3,3,3,4,4,2,1,1,2,4,4,4,4,1,1,1,2,4,4,4,3,1,3,3,3,4,2,4,4,4,1,1,2,2,2,1,1,1,2,2,1,3,3,1,1,1,1,1,3,3,4,1,1,1,3,3,1,3,1,3,1,1,3,1,3,4,3,3,2,2,4,1,1,1,2,2,1,1,1,1,2,3,1,1,1,1,2,4,1,1,3,3,2,1,2,4,1,1,3,3,2,2,1,1,3,3,1,1,4,4,3,3,2,1,2,2,1,1,4,4,1,3,1,1,2,2,1,1,1,3,1,3,4,4,4,4,1,3,3,3,4,4,2,2,3,1,3,1,1,3,3,3,1,2,1,1,1,2,1,2,1,2,1,2,2,1,1,2,1,1,1,1,1,1,1,4,2,2,3,3,5,5,1,3,2,2,2,2,1,1,2,2,3,3,5,5,1,1,3,3,3,3,2,3,4,5,5,5,2,2,3,3,1,2,1,3,2,2,1,2,2,2,2,2,1,1,2,3,4,4,4,4,1,1,5,5,1,1,1,3,2,3,4,6,3,3,3,5,4,4,1,3,3,4,1,7,2,3,3,3,1,1,1,4,3,3,3,3,2,3,1,3,1,3,2,4,2,2,1,2,1,3,2,4,2,5,3,3,1,3,2,3,3,3,3,4,6,6,1,1,1,1,1,1,4,4,1,1,3,4,1,1,3,3,3,3,5,5,1,1,3,4,4,4,1,3,1,2,2,2,1,1,1,1,3,3,1,1,2,2,2,2,2,3,1,1,1,1,2,2,2,4,4,4,3,3,2,2,4,4,4,6,2,2,2,2,4,4,1,1,2,3,3,3,2,3,3,3,2,2,2,2,1,2,5,5,1,3,2,2,1,2,1,3,1,1,1,5,2,5,1,3,3,4,0,0,2,2,2,2
"9","M145497",3,4,1,1,4,4,2,2,0,0,3,3,2,1,2,3,1,4,2,2,1,4,1,1,1,1,1,1,2,1,3,1,4,4,4,2,1,1,2,4,1,4,1,1,1,1,2,4,4,1,1,1,3,4,3,3,4,4,4,4,2,2,2,2,2,2,1,1,4,2,1,1,3,3,1,1,1,1,3,3,4,1,1,1,1,3,3,3,3,3,1,1,1,1,3,3,3,3,2,2,4,4,3,1,2,1,1,1,1,3,3,3,3,1,4,4,2,4,4,4,3,1,2,1,4,4,1,1,1,3,2,4,2,1,1,3,1,1,4,4,3,4,1,1,2,1,2,1,4,4,3,3,1,4,2,3,1,3,3,3,1,1,4,4,2,4,3,3,3,3,2,4,2,1,3,3,3,3,1,3,1,1,2,2,1,1,2,2,1,2,1,2,1,2,2,1,2,2,1,1,1,2,2,1,2,4,2,2,3,3,5,5,1,3,1,2,2,3,5,6,1,2,3,5,2,3,1,2,3,3,3,3,3,3,5,5,5,5,3,3,1,3,1,2,1,1,1,1,1,2,2,2,2,2,1,3,2,2,1,3,2,4,1,1,4,5,1,2,1,4,2,3,2,2,1,3,5,5,5,5,1,3,3,4,1,7,3,3,3,3,1,1,1,1,3,3,3,3,2,3,1,1,2,2,4,4,1,2,1,1,1,1,2,4,1,2,4,4,1,3,3,3,3,3,4,4,4,4,1,1,2,3,1,1,2,4,1,1,3,3,1,1,3,3,2,4,5,5,1,2,3,5,3,4,1,1,1,2,2,2,1,1,1,1,2,3,1,2,2,3,2,2,2,4,1,1,1,1,2,2,2,4,4,4,2,3,2,2,3,3,4,4,2,2,2,2,4,4,3,3,3,3,2,3,2,3,3,3,2,2,1,2,2,2,2,2,1,3,2,4,1,1,4,4,2,3,1,5,2,3,3,3,4,5,2,2,1,2,2,2
"10","M145498",4,4,3,1,4,4,2,1,2,3,1,3,2,2,2,2,1,4,2,2,1,1,1,1,1,1,3,3,2,1,3,1,3,3,4,4,1,1,4,4,1,4,1,1,1,1,2,4,4,1,3,3,3,4,3,3,4,4,3,3,2,2,2,1,2,2,1,1,2,2,1,1,3,3,1,1,1,1,3,3,4,1,1,1,3,3,3,3,3,3,1,1,3,1,3,4,3,1,2,2,1,1,3,3,2,2,1,1,3,3,2,3,1,1,4,4,4,4,1,4,3,3,2,1,4,4,1,1,3,3,2,4,1,1,1,1,1,1,4,4,3,4,2,1,2,2,2,2,4,4,1,3,1,4,2,2,1,1,1,3,1,3,4,1,4,4,3,3,2,3,4,4,2,1,3,1,3,3,1,3,1,3,1,2,1,1,1,1,1,1,1,2,1,2,2,1,2,2,1,1,2,2,1,1,2,4,2,2,3,3,4,5,3,3,1,2,2,2,2,5,1,2,3,3,2,5,1,2,3,3,2,3,2,3,5,5,5,5,2,3,3,3,2,2,1,1,1,2,1,1,2,2,2,2,2,3,2,2,1,3,2,4,1,3,5,5,1,2,1,4,1,3,2,2,1,3,6,6,4,5,2,3,2,4,7,7,3,3,3,3,1,1,1,2,3,3,3,3,2,3,1,1,2,2,3,4,1,1,1,2,1,3,4,4,2,5,3,4,3,3,3,3,3,3,2,4,4,6,1,2,2,2,1,1,4,4,1,2,3,3,1,3,3,3,1,3,4,4,1,2,3,3,3,4,1,1,2,2,2,2,1,1,1,1,2,3,2,2,2,3,2,2,2,3,1,1,1,3,2,2,2,4,4,4,3,3,2,2,3,4,4,4,2,2,2,2,4,4,3,3,3,3,2,3,2,4,3,3,2,2,2,2,2,2,2,2,3,3,2,4,1,2,4,4,1,2,3,5,3,5,2,3,4,4,2,2,2,3,2,2
"11","M145499",4,4,3,3,4,1,2,2,3,3,1,1,2,2,2,3,1,1,2,1,1,4,3,3,3,1,3,1,1,1,3,1,3,3,2,2,2,2,2,2,4,4,1,1,3,1,2,4,4,1,3,1,3,4,3,3,0,0,3,4,2,2,2,2,2,1,1,1,4,2,1,3,3,1,4,1,1,1,3,3,4,1,1,1,3,3,0,0,1,1,1,1,3,3,3,4,1,1,2,2,1,1,3,1,2,1,1,1,1,3,2,3,3,1,4,4,4,4,4,4,3,1,2,1,4,4,2,1,1,3,2,4,1,1,3,3,3,1,4,4,3,4,1,1,2,1,1,1,4,4,3,3,1,4,2,2,1,3,1,3,3,3,4,4,4,4,3,3,3,3,2,4,1,1,3,3,3,1,1,3,3,3,1,1,1,1,2,2,1,1,1,1,1,1,1,1,2,2,1,1,1,4,1,1,4,4,1,1,3,3,4,4,3,3,2,2,2,2,1,2,2,2,3,3,2,5,1,1,3,3,1,2,2,2,5,5,2,5,3,3,3,3,2,2,1,3,1,5,1,2,2,5,2,2,1,3,2,2,3,4,2,4,1,1,5,5,1,2,1,3,3,3,3,3,3,3,5,5,4,5,1,3,3,4,7,7,3,3,3,3,1,2,4,4,3,3,3,3,2,3,2,3,2,2,3,4,1,2,2,2,1,3,4,4,2,2,3,3,1,1,2,3,1,3,2,4,1,4,1,2,1,2,1,3,4,4,1,2,1,5,1,3,3,3,3,3,4,4,1,1,3,3,3,3,1,1,1,2,2,3,1,1,1,1,1,3,2,2,2,2,2,2,2,4,1,1,1,1,2,2,4,4,4,4,3,3,2,2,3,3,4,6,2,2,1,2,4,4,1,1,3,3,3,3,2,4,1,3,2,2,1,2,1,1,2,2,1,1,2,2,1,2,1,4,1,1,5,6,3,4,1,3,4,4,3,4,2,2,2,2
"12","M145500",3,4,1,1,4,1,2,2,2,3,1,3,2,1,3,3,1,4,2,2,1,1,1,1,1,1,3,1,1,1,3,1,4,4,4,2,1,1,2,4,4,4,1,1,1,1,2,4,4,1,3,3,3,4,3,3,2,4,3,4,2,2,2,1,2,2,1,1,4,2,1,3,3,3,4,1,1,1,3,3,4,1,1,1,3,3,1,3,3,3,1,1,3,1,3,3,3,3,2,2,1,1,3,1,2,1,4,1,1,3,2,3,3,3,4,4,2,4,4,4,3,1,2,1,4,4,1,1,3,3,2,4,1,1,1,3,1,1,4,4,3,4,2,1,2,2,1,1,4,4,3,3,4,4,2,3,1,1,3,3,1,3,4,4,2,4,3,3,2,3,4,4,2,2,3,3,3,3,1,3,1,3,1,2,1,1,2,2,1,2,1,2,1,2,2,1,2,2,1,1,1,2,1,1,2,4,2,2,3,3,4,5,1,3,1,2,2,3,2,6,1,2,3,3,2,3,1,2,3,3,2,3,3,3,5,5,5,5,3,3,1,3,1,2,1,1,1,1,1,2,2,2,2,2,3,3,2,2,1,3,4,4,1,1,4,5,1,2,1,4,1,3,2,2,1,3,5,6,5,5,1,3,3,4,1,7,3,3,3,3,1,1,1,1,3,3,3,3,2,3,1,3,2,2,4,4,1,2,1,1,1,3,2,4,2,2,4,4,3,3,3,3,1,3,4,4,4,4,1,1,1,3,1,2,4,4,1,1,3,3,1,1,2,3,2,3,4,4,1,2,3,3,3,4,1,1,2,2,2,2,1,1,1,1,2,3,2,2,2,5,2,2,2,3,1,1,1,3,2,2,1,4,4,4,3,3,2,2,3,3,4,4,2,2,1,2,4,4,3,3,3,3,2,3,3,3,3,3,2,2,1,2,2,2,2,2,1,3,2,4,1,1,4,4,2,3,1,1,3,3,2,3,4,5,2,2,1,2,2,2
"13","M145501",3,4,3,3,4,1,2,2,3,3,1,3,2,2,0,0,1,4,2,1,1,4,3,3,1,1,3,1,1,1,3,3,3,3,2,2,2,1,2,2,4,4,1,1,1,1,2,2,4,1,1,1,3,4,3,3,2,4,3,3,2,1,2,2,2,1,1,1,0,0,1,3,3,3,4,1,1,1,3,3,4,1,1,1,1,3,1,3,1,1,1,1,3,3,3,4,3,1,2,2,1,1,1,1,1,1,1,1,3,3,2,3,3,3,4,1,4,4,1,4,3,1,2,1,4,4,2,1,1,3,4,4,1,1,1,3,3,1,4,4,3,4,1,1,2,1,1,1,4,4,1,3,1,4,2,2,1,3,1,3,3,3,4,4,2,4,3,3,3,3,2,4,2,1,3,3,1,1,1,1,3,3,1,1,1,1,2,2,1,2,1,2,1,2,2,1,2,2,1,1,1,4,1,1,1,4,1,1,3,3,4,4,3,3,2,2,2,2,2,5,2,2,3,3,2,3,1,1,3,3,2,3,1,2,4,5,2,5,2,3,3,3,2,2,1,1,1,5,1,1,2,5,2,2,1,1,3,3,3,4,2,4,1,1,5,5,1,1,1,3,3,3,3,3,3,3,5,5,4,5,3,3,3,4,7,7,3,3,3,3,1,2,1,1,3,3,3,3,2,3,2,3,2,3,4,4,2,2,2,2,1,1,4,4,2,2,4,4,1,1,3,3,1,1,1,4,1,1,1,1,1,2,1,3,4,4,2,2,1,5,1,3,3,3,3,3,3,4,1,2,3,3,1,1,1,1,2,2,2,3,1,1,1,1,3,3,2,2,2,2,2,2,2,4,1,1,1,1,1,2,4,4,4,4,3,3,2,3,3,3,4,6,2,2,1,1,4,4,3,4,3,3,3,4,3,4,3,3,1,2,1,2,1,2,2,2,1,1,2,2,1,2,3,3,1,1,5,6,3,4,1,3,4,4,3,4,2,2,2,2
"14","M145502",3,4,3,3,4,1,2,2,2,2,1,3,2,2,2,2,1,4,2,1,1,4,3,3,3,1,3,3,1,1,3,1,3,3,2,2,2,2,2,4,4,4,1,1,1,1,2,2,4,1,3,3,3,4,3,3,2,4,3,4,2,1,2,2,2,1,1,1,0,0,3,3,3,3,4,1,1,1,1,3,4,4,1,1,1,1,1,1,1,3,1,1,3,3,3,4,1,1,2,2,1,1,3,1,2,1,1,1,3,3,2,3,3,1,4,4,4,4,4,4,1,1,2,1,4,4,1,1,1,3,4,4,1,1,1,3,3,3,4,4,3,3,2,1,1,1,1,1,4,4,3,3,1,1,2,2,1,1,1,3,3,3,4,4,4,4,3,3,3,3,2,4,2,1,3,3,1,1,1,3,3,3,1,1,1,1,2,2,1,1,1,1,1,1,1,1,2,2,1,1,3,3,2,2,1,4,2,2,3,3,5,5,3,3,2,2,2,2,2,5,2,2,3,3,2,3,1,1,3,3,2,3,2,2,4,5,2,5,2,3,3,3,2,2,1,1,1,5,2,2,2,5,2,2,1,1,2,3,2,3,4,4,1,1,5,5,1,1,3,3,3,3,3,3,3,3,5,5,4,4,1,3,3,4,7,7,3,3,3,3,1,2,1,1,3,3,3,3,3,3,3,4,3,3,4,4,1,1,1,2,1,1,4,4,2,2,3,4,1,1,2,3,1,1,1,4,1,1,1,1,2,2,1,3,4,4,2,2,5,5,1,1,2,3,3,3,3,4,1,2,3,3,1,3,1,1,1,2,2,2,1,1,1,1,1,1,2,2,2,2,2,2,2,2,1,1,1,1,1,2,4,4,4,4,3,3,2,3,3,3,4,6,2,2,1,1,4,4,1,4,3,3,3,4,2,4,3,3,1,2,1,1,1,2,2,2,1,1,2,2,1,2,3,3,1,3,5,5,4,4,1,1,4,4,2,4,2,2,2,2
"15","M145503",3,3,3,3,1,1,1,1,2,3,1,3,1,1,2,3,1,1,2,2,1,4,1,1,3,1,1,1,2,2,3,3,3,3,4,4,2,2,2,4,4,4,4,1,1,1,2,2,4,4,1,1,3,3,0,0,2,4,0,0,0,0,2,2,2,1,1,1,2,2,1,3,3,3,4,1,1,1,3,3,1,1,1,1,3,3,1,1,1,3,1,1,3,3,3,3,1,1,2,2,1,1,1,1,2,2,1,1,1,1,2,2,1,1,1,1,2,4,1,1,3,3,2,2,2,4,1,1,3,3,2,4,1,1,1,3,1,1,4,4,3,3,2,1,2,2,1,1,4,2,1,3,1,1,2,2,1,3,1,1,3,3,4,4,4,4,3,3,3,3,4,4,2,2,3,3,3,1,3,3,1,3,1,1,1,1,1,1,1,1,2,2,2,2,2,2,2,2,1,1,1,1,1,1,1,1,2,2,3,3,4,5,1,3,1,2,2,2,7,7,2,2,3,3,5,5,1,1,3,3,1,3,1,1,1,5,5,5,3,3,3,3,2,2,1,1,2,2,1,2,2,2,2,2,1,1,2,3,2,3,4,4,1,1,5,5,1,1,1,1,2,3,2,2,3,3,5,5,3,4,1,1,4,4,3,3,3,3,3,3,1,1,4,4,3,3,3,3,3,3,1,1,3,3,2,4,1,2,1,2,3,3,4,4,2,2,3,3,3,3,3,3,1,3,2,4,6,6,1,2,1,1,1,1,4,4,1,2,3,3,1,1,3,3,3,3,4,5,1,1,3,3,4,4,1,1,1,2,2,3,1,1,1,2,1,3,1,2,2,2,2,2,2,3,1,1,1,1,2,2,4,4,4,5,3,3,2,2,3,4,6,6,2,2,2,2,5,5,1,3,2,3,2,3,2,2,1,3,2,2,1,1,2,2,2,5,1,1,2,4,1,2,3,4,1,3,3,5,3,5,3,3,3,6,0,0,2,2,2,2
"16","M145504",3,4,3,3,4,1,2,1,2,2,1,3,2,2,2,2,1,1,2,2,1,1,3,3,3,1,3,1,2,1,3,1,3,3,4,2,2,1,2,4,4,4,1,1,1,1,2,2,1,1,3,3,3,4,3,3,2,4,4,4,2,2,2,2,2,2,1,1,2,2,3,3,3,3,1,1,1,3,1,3,4,1,1,1,1,3,1,3,1,1,1,1,3,3,3,3,3,3,2,2,1,1,3,1,2,1,1,1,3,3,2,2,1,1,1,1,2,2,1,4,3,3,2,2,2,4,1,1,1,3,4,4,1,1,3,3,3,1,4,4,4,4,1,1,2,2,1,1,4,4,1,3,1,1,2,3,1,3,1,1,3,3,4,4,4,4,3,3,3,3,4,4,2,1,3,3,3,3,1,3,1,3,1,1,1,1,1,2,1,2,2,2,2,2,2,2,2,2,1,1,1,4,1,1,1,4,2,2,3,3,5,5,3,3,1,2,2,2,2,7,1,2,3,3,2,5,1,1,1,3,1,3,1,3,5,5,5,5,3,3,3,3,2,2,1,3,1,4,1,1,2,2,2,2,1,1,2,3,2,4,4,4,1,1,5,5,1,1,1,3,3,3,2,3,2,3,5,6,4,4,1,3,4,4,3,7,2,3,3,3,1,1,1,1,3,3,3,3,3,3,1,1,2,3,2,4,1,2,1,2,1,3,4,4,5,5,1,3,1,3,3,3,1,3,4,4,2,6,1,1,1,2,1,5,4,4,1,2,3,3,1,1,2,3,1,1,4,5,1,1,3,3,3,3,1,1,1,1,2,2,1,1,1,2,1,3,2,2,2,2,2,2,2,2,1,1,1,1,2,2,4,4,4,4,3,3,2,3,3,4,4,6,2,2,2,2,4,4,1,1,2,3,3,3,2,3,1,1,2,2,1,2,2,2,2,2,1,3,2,2,1,2,4,4,3,3,1,5,4,5,3,3,4,6,4,4,2,2,2,2
"17","M145505",3,4,3,3,4,1,2,1,2,2,1,1,2,1,3,3,1,1,2,1,1,4,1,1,1,1,3,3,2,2,3,1,3,4,2,2,2,1,2,2,4,4,1,1,1,1,2,4,4,4,3,1,3,4,3,3,4,4,3,4,2,1,2,1,2,1,1,1,2,2,3,3,3,3,1,1,1,1,1,3,4,1,1,1,3,3,3,3,3,3,1,1,3,3,4,4,3,1,2,2,1,1,1,1,2,1,4,1,3,3,2,3,1,1,4,1,2,2,1,1,3,1,1,1,4,4,1,1,1,3,2,4,1,1,1,3,1,1,4,4,3,4,2,1,2,2,0,0,4,4,1,3,1,1,2,3,1,3,1,1,1,3,4,4,4,4,1,3,3,3,4,4,2,2,3,1,3,3,1,3,3,3,1,1,1,1,2,2,2,2,2,2,2,2,2,2,2,2,1,1,2,2,2,1,2,4,2,2,3,3,2,5,3,3,1,2,2,3,5,5,1,2,3,3,1,5,1,2,3,3,3,3,1,2,1,4,2,5,3,3,3,3,1,1,1,1,1,2,1,2,2,5,2,2,1,1,2,2,2,3,2,4,1,3,5,5,1,1,1,4,3,3,2,2,1,3,6,6,4,4,1,2,4,4,3,7,3,3,3,3,1,1,1,4,3,3,3,3,2,3,1,1,2,2,3,3,3,3,1,2,1,3,4,4,2,5,3,3,3,3,3,3,1,2,4,4,4,6,1,1,1,1,1,3,4,4,2,2,1,3,1,1,2,3,1,3,4,4,1,2,2,3,3,4,1,1,1,2,2,2,1,1,1,2,3,3,2,2,2,2,2,2,2,3,1,2,1,2,2,2,4,4,4,4,3,3,2,2,3,4,2,4,2,2,2,2,4,4,3,3,2,2,3,3,2,3,3,3,2,2,1,1,1,2,2,2,1,3,2,4,1,1,4,4,1,2,1,3,4,5,2,3,5,6,2,4,2,2,2,2
"18","M145506",4,4,3,1,1,1,2,2,2,3,0,0,2,1,3,3,1,4,2,2,1,4,1,3,1,1,3,1,2,2,3,1,3,4,4,2,1,1,2,2,4,4,1,1,3,1,2,4,4,4,3,1,3,3,3,3,2,4,4,4,1,1,2,2,2,1,1,1,2,2,1,3,3,1,1,1,1,1,3,3,1,1,1,1,3,3,1,1,3,3,1,1,3,3,3,4,3,3,2,2,4,1,3,3,1,1,1,1,1,3,2,2,1,1,4,1,2,2,1,4,3,1,1,1,4,4,2,1,1,1,2,2,1,1,3,3,1,1,4,4,3,4,2,1,2,2,1,1,4,2,3,3,1,1,2,3,1,3,1,3,3,3,4,4,2,4,3,3,2,3,4,4,2,2,3,1,1,1,1,1,3,3,1,2,1,2,1,1,1,1,1,1,1,2,1,1,2,2,1,2,2,2,2,1,3,3,2,3,3,3,5,5,3,3,2,2,2,2,1,7,1,2,3,3,2,3,1,1,3,3,3,3,2,3,1,5,2,5,3,3,3,3,2,2,1,2,1,1,1,1,2,3,2,2,1,1,2,3,3,4,2,4,1,1,5,5,1,1,4,4,2,3,3,3,3,3,5,6,4,5,1,3,4,4,7,7,3,3,3,3,1,1,1,4,3,3,3,3,3,3,1,4,3,3,2,2,2,3,1,1,1,3,4,4,2,4,3,4,1,1,3,3,1,1,5,5,1,1,1,1,1,1,1,4,4,4,1,2,1,1,1,1,2,3,3,3,4,4,1,1,3,3,1,3,1,1,1,1,1,3,1,2,1,1,3,3,2,2,2,2,2,2,2,4,1,1,1,2,2,3,4,4,4,4,3,3,2,3,3,4,4,4,2,2,2,2,4,4,1,1,3,3,3,3,3,3,1,3,2,2,1,1,2,2,2,2,1,3,4,4,2,2,3,4,3,3,1,3,3,4,1,2,4,4,2,3,2,2,2,2
"19","M145507",4,4,3,1,4,4,2,2,2,2,3,3,2,2,0,0,1,1,2,2,1,4,1,3,1,1,1,1,2,2,1,1,3,3,4,4,2,2,4,4,1,4,1,1,3,3,4,4,4,1,3,3,3,4,3,3,2,2,3,4,2,1,2,2,2,2,4,1,2,2,1,1,3,3,4,4,1,1,1,3,4,1,1,1,1,3,3,3,1,3,1,1,3,1,3,3,3,1,2,2,4,1,3,1,2,1,4,1,1,1,2,3,1,1,4,1,4,4,1,4,3,3,2,1,4,4,1,1,1,1,2,2,2,1,1,3,3,1,4,4,3,4,1,1,2,2,2,1,4,4,1,3,1,1,2,2,1,1,1,3,3,3,4,4,4,4,3,3,2,3,4,4,2,1,3,1,3,1,1,3,1,3,1,1,1,2,1,2,1,1,1,1,1,2,1,1,2,2,1,1,1,2,2,1,1,1,2,2,3,3,5,5,3,3,2,2,2,2,1,2,1,2,3,3,2,2,1,1,3,3,1,3,2,3,5,5,5,5,2,3,3,3,1,2,1,1,1,2,1,1,2,2,2,2,3,3,3,3,2,4,4,4,1,1,5,5,1,1,1,3,2,3,2,3,3,3,5,5,4,4,2,3,4,4,7,7,2,3,3,3,1,1,5,6,3,3,3,4,2,2,1,3,2,2,3,4,1,2,1,2,3,4,4,4,2,5,3,3,1,2,3,3,1,3,2,4,2,4,1,2,1,2,1,3,4,4,1,2,3,3,1,1,3,3,3,3,4,5,1,1,3,3,1,3,3,3,1,1,2,3,1,1,1,2,3,3,2,2,2,5,2,2,2,2,1,2,1,3,2,2,4,4,4,4,3,4,2,2,3,3,3,4,2,2,1,2,4,5,1,1,3,3,2,4,2,4,3,3,2,3,1,1,1,2,2,2,1,1,4,4,1,1,4,4,1,3,3,5,3,4,1,3,4,4,4,4,2,3,1,2
"20","M145508",3,4,3,3,4,4,2,2,2,2,1,1,2,1,2,2,1,1,2,2,4,4,1,1,3,1,1,1,1,1,3,3,3,3,4,2,2,1,2,2,4,4,4,1,3,1,2,2,4,1,3,1,3,3,3,3,2,4,3,4,2,2,2,2,2,2,1,1,2,2,1,3,3,1,4,1,1,3,1,3,1,1,1,1,3,3,1,3,1,3,1,1,3,1,3,4,3,1,2,2,4,4,3,1,2,1,1,1,1,1,2,2,1,1,4,1,2,4,1,4,3,1,2,1,2,2,1,1,1,3,2,2,2,1,1,3,1,1,4,4,3,4,1,1,2,2,1,1,4,4,1,3,1,4,2,2,1,1,1,1,1,1,4,4,4,4,3,3,2,3,4,4,2,1,3,3,1,1,1,1,1,3,1,1,1,2,1,2,1,1,1,1,1,1,1,1,2,2,1,1,1,2,1,1,1,4,2,2,3,3,3,5,3,3,2,2,2,2,2,2,1,2,3,3,2,5,1,1,3,3,1,3,1,3,1,5,5,5,2,3,3,3,1,1,1,3,1,1,1,2,2,5,2,2,1,3,3,3,2,3,2,4,1,3,5,5,1,1,1,3,3,3,2,3,2,3,5,5,4,4,2,3,4,4,7,7,3,3,3,3,1,1,1,6,3,3,3,3,2,3,1,3,2,2,3,4,2,3,2,2,3,3,4,4,2,5,3,3,2,3,3,3,1,3,4,4,2,6,1,1,1,2,1,1,4,4,1,2,3,3,1,1,3,3,3,3,4,5,1,1,3,3,1,1,3,3,1,1,2,3,1,1,1,1,1,3,2,2,2,3,2,2,2,2,1,2,3,3,2,2,4,4,4,4,3,3,3,3,3,3,4,4,2,2,1,1,2,4,1,4,3,3,4,4,2,4,1,3,2,2,1,1,2,2,2,2,1,1,2,4,1,2,1,4,3,3,1,3,3,4,2,3,4,4,4,4,2,2,1,2
"21","M145509",3,4,3,3,4,4,2,1,2,3,1,1,2,2,2,2,4,4,2,1,1,4,3,3,1,1,3,1,1,1,3,3,3,3,2,2,2,2,2,2,4,4,1,1,1,1,2,2,4,1,1,1,3,4,3,3,4,4,3,3,2,2,2,2,2,1,1,1,4,4,1,1,3,1,4,1,1,1,3,3,1,1,1,1,3,3,1,3,1,3,1,1,3,3,3,3,3,1,2,2,1,1,1,1,2,2,1,1,3,3,3,3,3,1,4,4,4,4,4,4,3,1,1,1,4,4,2,1,1,3,2,4,1,1,1,3,3,3,4,4,3,3,1,1,2,2,1,1,4,4,1,3,1,4,2,2,1,1,1,3,3,3,4,4,2,4,3,3,3,3,2,4,1,1,3,3,1,1,1,3,3,3,1,1,1,1,2,2,1,1,1,1,1,1,1,1,2,2,1,1,1,3,2,1,1,4,2,2,3,3,4,4,1,3,2,2,2,2,2,5,2,2,3,3,2,5,1,1,3,3,1,3,2,2,5,5,2,5,3,3,3,3,2,2,1,1,1,4,1,2,2,2,2,2,1,1,2,3,3,3,2,4,1,1,5,5,1,2,3,3,2,3,3,3,3,3,5,5,4,5,1,1,3,3,7,7,3,3,3,3,1,2,4,4,3,3,3,3,3,3,3,4,3,3,4,4,1,1,1,2,1,3,4,4,2,2,3,4,1,1,3,3,1,3,2,4,1,4,1,2,2,2,1,3,4,4,1,2,3,5,1,3,3,3,3,3,3,4,1,1,3,3,1,3,1,3,2,2,2,2,1,1,1,1,3,3,2,2,2,2,2,2,2,4,1,1,1,1,1,2,4,4,4,4,3,3,2,3,3,3,4,4,2,2,1,2,4,4,1,3,3,3,3,3,2,2,3,3,1,2,1,2,1,1,2,2,1,1,2,2,1,2,3,3,1,1,3,6,3,4,1,1,4,4,2,3,2,2,2,2
"22","M145510",4,4,3,3,4,4,2,2,2,2,3,3,2,2,0,0,1,4,2,1,4,4,1,1,3,1,3,1,1,1,1,1,3,4,4,4,1,1,2,2,4,4,1,1,0,0,4,4,4,4,3,1,3,3,3,4,2,4,3,4,2,2,2,2,2,2,4,1,2,2,1,3,3,1,4,1,1,1,3,3,1,1,1,1,3,3,3,3,3,3,1,1,3,1,3,3,3,3,2,2,4,1,1,1,1,1,1,1,1,3,2,3,1,1,4,1,2,4,1,4,1,1,2,2,4,4,1,1,1,3,2,4,2,1,1,3,3,1,4,4,3,3,1,1,2,1,1,1,4,4,1,3,1,1,2,2,1,1,1,1,1,1,4,4,4,4,3,3,2,3,4,4,2,2,3,3,3,3,1,3,1,3,1,2,1,2,1,2,1,1,1,1,1,2,1,1,2,2,1,1,1,1,2,1,1,2,2,2,3,3,5,5,3,3,1,2,2,3,2,5,2,2,3,3,2,2,1,1,3,3,3,3,1,2,5,5,5,5,2,3,1,3,1,2,1,1,1,2,1,2,2,2,2,2,1,1,2,3,2,3,4,4,1,1,5,5,1,2,1,3,2,3,2,3,3,3,5,6,4,5,2,2,3,4,7,7,3,3,3,3,1,1,2,6,3,3,3,3,2,3,1,3,2,2,4,4,2,2,2,2,3,3,4,4,1,5,3,3,2,2,2,3,1,3,1,4,1,2,1,1,1,1,1,5,3,4,1,2,3,3,1,3,2,3,1,3,4,4,1,1,3,3,1,3,1,3,1,2,2,3,1,1,1,2,3,3,1,2,2,3,2,2,2,4,2,2,3,3,2,2,4,4,4,4,2,3,2,2,3,3,4,4,1,2,1,2,4,4,1,1,1,3,3,4,2,4,1,3,2,2,1,1,2,2,2,2,1,3,4,4,2,2,3,4,3,3,1,5,4,4,1,3,4,5,4,4,2,2,1,2
"23","M145511",3,4,3,1,4,4,2,2,2,2,1,3,2,1,3,3,1,1,2,1,4,4,1,3,1,1,3,3,2,1,3,3,3,3,4,2,1,1,2,2,1,4,1,1,3,1,2,4,1,1,3,1,3,4,3,3,2,4,3,4,2,2,2,2,2,2,4,1,2,2,1,3,3,3,1,1,1,3,1,3,4,1,1,1,1,3,1,3,1,3,1,1,3,3,3,3,3,1,2,2,4,1,3,3,1,1,1,1,1,1,2,2,1,1,1,1,2,4,1,1,3,1,2,1,2,4,1,1,3,3,2,2,2,1,3,3,3,1,4,4,3,4,1,1,2,2,1,1,4,4,3,3,1,1,2,2,1,3,1,1,1,1,4,4,4,4,3,3,3,3,4,4,2,1,3,3,3,3,1,3,3,3,1,1,2,2,1,2,1,1,1,1,1,2,1,1,2,2,1,1,4,2,1,1,1,4,2,2,3,3,5,5,1,2,2,2,2,3,1,2,1,2,3,3,2,5,1,1,1,3,1,3,1,3,1,5,5,5,2,3,3,3,1,1,1,3,1,1,1,1,2,5,2,2,3,3,3,3,2,4,4,4,1,3,3,5,1,1,1,3,3,3,2,3,3,3,5,6,4,5,2,3,4,4,7,7,2,3,3,3,1,1,1,6,3,3,1,3,2,3,1,1,2,2,3,4,2,2,2,2,3,3,4,4,2,5,3,3,2,3,3,3,1,3,4,4,2,6,1,1,2,2,1,1,4,4,2,2,3,3,1,1,3,3,3,3,4,4,1,1,3,3,1,1,1,3,1,1,2,3,1,3,1,1,2,3,2,2,2,5,2,2,2,2,1,1,3,3,2,2,4,4,4,4,3,4,3,3,3,3,4,4,2,2,1,1,2,5,1,4,3,3,4,4,3,4,1,3,2,2,1,2,2,2,2,2,1,1,2,4,1,1,1,4,2,3,1,4,4,4,1,3,4,4,4,4,2,3,2,2
"24","M145512",3,4,1,1,4,1,2,2,2,3,1,3,1,1,2,2,1,1,2,2,1,4,1,1,1,1,3,1,2,1,3,3,3,3,4,2,1,1,2,4,4,4,1,1,3,1,2,2,4,4,1,1,3,3,3,3,2,4,4,4,2,1,2,1,2,1,1,1,4,2,1,3,3,3,1,1,1,3,3,3,1,1,1,1,1,3,3,3,3,3,3,1,3,1,3,3,3,3,2,2,1,1,3,1,1,1,4,1,1,3,3,3,3,1,4,1,4,4,1,4,3,3,2,1,4,4,1,1,1,3,2,2,1,1,1,3,3,1,4,2,3,3,0,0,2,2,2,2,4,4,3,3,1,1,2,2,1,3,1,3,1,3,4,4,4,4,3,3,3,3,4,4,2,1,3,3,1,1,1,1,1,1,1,1,1,2,1,2,1,2,1,1,1,1,1,1,2,2,1,1,2,2,2,1,3,3,2,2,3,3,4,4,3,3,2,2,2,2,1,7,2,2,3,3,2,2,1,1,3,3,2,3,2,3,1,5,2,5,3,3,3,3,1,1,1,1,1,1,1,2,2,5,2,2,1,2,2,2,3,3,4,4,1,1,5,5,1,2,4,4,2,3,2,3,1,3,5,5,4,4,2,2,4,4,7,7,3,3,3,3,1,2,1,1,3,3,1,3,3,3,1,3,2,3,2,2,2,2,1,1,1,1,4,4,2,5,3,3,1,1,3,3,1,3,2,5,1,4,1,2,1,2,1,1,4,4,1,1,1,1,1,1,2,3,3,3,4,4,1,1,3,3,3,3,1,1,1,1,2,3,1,1,1,1,3,3,1,2,2,2,2,2,2,3,1,1,1,1,2,2,4,4,4,4,3,3,2,3,3,4,3,4,2,2,2,2,4,5,1,1,1,3,3,3,2,2,2,3,2,2,2,4,1,2,2,2,1,1,2,4,1,2,1,4,2,3,1,3,4,5,1,2,4,4,2,4,2,2,2,2
"25","M145513",3,4,3,3,4,4,2,2,2,2,3,3,2,1,0,0,4,4,2,2,1,1,1,1,1,1,1,1,1,1,1,1,3,3,4,4,1,1,2,2,4,4,1,1,1,1,2,2,4,4,3,1,4,4,3,4,4,4,3,3,2,2,2,2,2,1,4,1,4,2,1,1,3,3,4,1,3,3,3,3,4,4,1,1,3,3,1,1,1,3,1,1,3,3,3,4,1,1,2,2,4,1,3,1,2,2,4,4,1,3,2,2,1,1,4,1,4,4,4,4,3,3,1,1,4,4,1,1,3,3,2,4,1,1,1,3,1,1,4,4,3,4,2,2,2,1,1,1,4,4,3,3,1,1,2,2,1,1,1,3,1,3,4,4,4,4,1,3,2,3,4,4,2,2,3,1,3,3,3,3,3,3,1,1,1,1,2,2,1,2,1,1,1,1,1,1,2,2,1,1,2,2,2,1,2,4,2,2,2,3,5,5,1,3,2,2,2,2,5,7,1,2,3,3,2,5,1,1,3,3,1,3,1,2,1,4,5,5,1,3,3,3,1,1,1,1,1,2,1,2,2,2,2,2,1,3,2,3,2,3,4,4,1,1,5,5,1,1,1,3,3,3,3,3,3,3,6,6,4,4,1,3,4,4,7,7,3,3,3,3,1,1,2,2,3,3,3,3,2,3,1,3,2,2,3,4,2,2,1,2,3,3,4,4,2,5,3,3,1,1,2,3,1,3,1,4,2,4,1,1,1,1,1,3,4,4,2,2,3,3,1,1,3,3,3,3,4,4,1,2,3,3,3,4,1,3,2,2,2,2,1,1,1,1,1,3,2,2,2,2,2,2,2,3,1,1,1,1,2,2,4,4,4,4,3,3,2,3,3,4,3,4,2,2,2,2,4,4,3,3,3,3,3,3,4,4,3,3,2,2,2,2,1,2,2,2,1,1,2,4,1,1,3,4,1,3,4,5,3,4,1,1,4,5,2,3,2,2,2,2
"26","M145514",4,4,3,1,4,4,2,2,2,2,1,3,2,1,0,0,1,1,2,2,1,4,1,3,3,1,1,1,2,1,3,3,3,3,4,4,2,2,2,4,1,4,1,1,1,1,4,4,4,1,3,3,3,4,3,3,2,4,3,3,2,2,2,2,2,2,1,1,2,2,1,1,3,3,4,1,1,1,1,3,1,1,2,1,1,3,3,3,1,3,1,1,3,1,3,3,3,1,2,2,1,1,3,1,2,1,4,1,1,1,2,3,1,1,1,1,4,4,1,4,3,3,1,1,2,4,1,1,1,3,2,2,2,2,1,3,3,1,4,4,3,4,1,1,2,2,1,1,4,4,1,3,1,1,2,2,1,1,1,1,1,3,4,4,4,4,3,3,3,3,4,4,2,1,3,1,3,1,1,3,1,3,1,1,1,1,1,2,1,1,1,1,1,2,1,1,2,2,1,1,1,2,2,1,1,1,2,2,3,3,5,5,2,3,2,2,2,3,1,7,1,2,3,3,2,2,1,1,3,3,2,3,2,3,5,5,5,5,2,2,3,3,1,2,1,1,1,2,1,2,2,2,2,2,3,3,3,3,3,3,4,4,1,3,5,5,1,1,3,3,2,2,3,3,3,3,5,5,4,4,1,2,4,4,7,7,3,3,3,3,1,1,5,6,3,3,1,4,2,2,1,3,2,2,3,4,1,2,1,2,3,4,4,4,1,2,3,3,1,2,2,3,1,1,2,4,2,4,1,2,2,2,1,3,4,4,1,1,3,3,1,1,3,3,3,3,4,5,1,1,3,3,3,3,1,3,1,1,2,3,1,1,1,1,2,3,2,2,2,2,2,2,4,4,1,1,1,3,2,2,4,4,4,4,4,4,2,2,3,3,3,4,1,2,1,2,4,5,1,3,3,3,2,3,2,4,3,3,2,3,1,1,1,2,2,2,1,1,4,4,2,2,1,4,2,3,1,1,3,4,1,1,4,4,4,4,2,3,1,2
"27","M145515",4,4,3,1,4,1,2,2,2,3,1,3,2,2,2,2,1,1,2,2,1,4,1,1,1,1,1,1,1,1,3,1,3,3,2,2,1,1,2,4,1,4,1,1,3,1,4,4,4,1,3,3,3,4,3,3,2,4,4,4,2,1,2,2,2,2,4,1,2,2,3,3,1,1,1,1,1,1,3,3,4,1,1,1,1,3,3,3,3,3,3,3,3,1,4,4,3,3,2,2,4,1,1,1,2,1,4,1,1,3,2,3,1,1,4,1,2,4,1,4,3,3,2,1,4,4,1,1,1,3,2,4,2,1,3,3,3,1,4,4,4,4,2,1,2,2,2,2,4,4,1,3,1,1,2,3,1,3,1,1,1,3,4,1,4,4,1,3,3,3,4,4,2,1,3,3,3,1,1,3,3,3,1,1,1,1,2,2,1,2,1,2,1,2,2,1,2,2,1,1,3,2,1,1,3,4,2,2,3,3,2,4,3,3,2,2,3,3,1,7,1,2,3,3,2,5,1,2,3,3,1,3,1,2,1,5,2,5,2,3,1,3,1,1,1,1,2,2,1,1,2,5,2,2,1,1,2,3,3,3,4,4,1,3,5,6,1,1,1,3,2,3,2,2,3,3,5,6,4,5,1,3,2,4,7,7,3,3,3,3,1,1,1,6,3,3,3,3,2,3,1,3,2,3,3,4,2,3,1,2,1,3,4,4,2,5,3,4,1,1,3,3,3,3,4,5,4,6,1,2,2,2,1,5,4,4,1,2,3,3,1,1,2,3,1,3,4,4,1,1,3,3,1,4,1,1,1,1,2,2,1,2,1,1,3,3,1,2,2,2,2,2,2,3,1,1,1,1,2,2,4,4,4,4,3,3,2,2,3,4,3,4,1,2,1,2,4,5,1,3,2,3,2,3,2,2,3,3,2,3,1,1,2,2,2,2,1,3,4,4,1,2,1,3,1,1,3,3,4,5,2,2,4,5,4,4,2,2,1,2
"28","M145516",4,4,3,3,4,4,2,2,2,2,1,3,2,2,2,2,1,4,2,2,1,4,1,1,3,1,1,1,2,1,3,1,3,3,2,2,1,1,4,4,1,4,1,1,3,1,4,4,1,1,3,1,4,4,3,3,4,4,4,4,2,2,2,2,2,2,4,1,2,2,3,3,1,1,4,1,1,1,3,3,4,1,1,1,1,3,3,3,3,3,3,3,1,1,4,4,3,3,2,2,4,1,1,1,1,1,4,1,1,3,3,3,1,1,4,4,2,4,4,4,3,1,1,1,4,4,1,1,1,3,2,4,1,1,3,3,3,1,4,4,3,4,1,1,2,2,2,2,4,2,1,3,1,1,2,2,1,3,1,3,1,1,4,1,4,4,1,3,2,3,4,4,2,1,3,3,3,3,1,3,0,0,1,1,1,2,2,2,2,2,2,2,2,2,2,2,2,2,1,1,3,2,1,1,3,4,2,2,3,3,4,5,3,3,2,2,2,3,1,2,1,1,3,3,2,5,1,1,3,3,1,2,1,3,1,1,2,3,2,3,1,3,1,1,1,1,1,2,1,2,2,5,2,2,1,1,2,2,3,4,2,4,1,3,5,5,1,2,1,3,2,2,2,3,3,3,5,5,4,5,1,3,2,4,7,7,3,3,3,3,1,1,1,1,3,3,3,3,3,3,1,1,3,3,3,4,2,2,1,2,1,3,4,4,2,2,3,3,1,3,3,3,3,3,4,4,4,6,1,2,1,2,1,5,3,4,1,2,1,3,1,1,2,3,1,3,4,4,1,1,3,3,3,4,1,1,1,1,2,2,1,2,1,1,3,3,2,2,2,2,2,2,2,3,1,1,1,1,2,2,4,4,4,4,3,3,2,2,3,3,3,4,1,2,1,2,4,5,1,3,1,3,2,3,2,2,3,3,2,3,1,1,1,2,2,2,1,1,4,4,1,2,1,1,1,3,3,3,4,5,2,2,4,5,2,4,2,2,1,2
"29","M145517",4,4,3,1,4,4,2,2,2,3,1,1,2,1,2,2,1,1,2,2,1,4,1,1,1,1,3,1,1,1,3,1,3,3,2,2,1,1,2,2,1,1,1,1,3,1,2,4,4,1,3,1,3,4,3,3,4,4,3,4,2,2,2,2,2,1,4,1,2,2,3,3,1,1,4,1,1,1,3,3,1,1,1,1,3,3,1,3,3,3,3,1,3,1,4,4,3,3,2,2,1,1,3,1,2,1,4,4,1,3,3,3,1,1,4,4,4,4,1,4,3,3,2,1,4,4,1,1,1,3,2,4,1,1,1,1,3,3,4,4,4,4,2,1,2,2,2,1,4,4,3,3,1,1,2,2,1,3,1,3,1,1,4,4,2,4,3,3,2,3,4,4,2,2,3,1,3,3,1,1,3,3,1,1,1,1,2,2,2,2,2,2,2,2,2,2,2,2,1,1,1,2,2,1,1,4,2,2,3,3,4,5,3,3,2,2,3,3,7,7,1,2,3,3,2,5,1,2,3,3,3,3,1,3,1,1,2,3,2,3,3,3,1,1,1,3,2,2,1,1,2,5,2,2,1,1,2,3,3,4,2,4,3,3,5,6,1,2,1,4,2,3,2,3,1,3,5,5,4,5,1,2,2,4,7,7,3,3,3,3,1,1,1,1,3,3,3,3,2,2,1,1,2,2,3,4,2,3,2,2,3,3,4,4,2,2,3,3,1,3,3,3,2,3,4,4,4,4,1,1,2,2,1,5,3,4,1,2,3,3,1,1,2,3,1,1,1,5,1,1,3,3,3,4,1,1,1,1,2,2,1,2,1,1,3,3,1,2,2,2,2,2,3,3,1,1,1,1,2,2,4,4,4,4,3,4,2,2,3,3,3,4,2,2,1,2,4,5,1,3,2,3,2,3,2,2,3,3,2,3,1,1,1,2,2,5,1,3,4,4,1,1,1,3,1,1,3,3,4,5,2,2,4,5,2,4,2,2,1,2
"30","M145518",4,4,1,1,4,4,2,1,2,3,1,1,1,1,2,3,1,1,2,2,1,4,1,1,1,1,3,1,2,1,3,3,4,4,4,2,1,1,2,4,4,4,4,1,1,1,2,4,4,4,3,1,3,3,3,3,4,4,3,4,1,1,2,2,2,2,4,1,2,2,1,1,3,1,1,1,1,3,1,3,4,1,1,1,1,3,3,3,1,3,1,1,3,3,3,4,3,3,2,2,4,1,3,1,2,1,1,1,1,1,2,3,1,1,4,1,2,4,4,4,3,1,1,1,4,4,1,1,1,3,2,4,2,1,3,3,3,3,4,4,4,4,1,1,2,2,1,1,4,4,3,3,1,1,2,3,1,1,1,3,3,3,4,4,2,4,1,3,2,3,2,4,2,2,1,1,3,1,1,1,3,3,1,1,1,2,2,2,1,2,1,1,1,1,1,1,1,2,1,1,1,2,1,1,3,4,2,2,3,4,4,5,1,3,2,2,2,2,1,2,2,2,3,5,3,5,1,1,3,3,2,3,3,3,1,1,2,5,2,3,3,3,1,2,1,1,1,2,1,1,2,2,2,2,1,3,2,3,3,4,2,4,1,1,5,5,1,1,1,4,2,3,2,3,3,3,3,5,4,4,3,3,3,4,1,7,3,3,3,3,1,1,1,1,3,3,3,3,2,2,1,3,3,3,3,4,1,2,1,1,1,1,3,4,2,5,3,4,1,1,2,3,3,3,4,5,2,4,1,2,1,1,1,1,4,4,1,2,3,4,1,1,3,3,1,3,5,5,1,1,3,4,3,4,1,1,1,1,2,2,2,2,1,1,2,3,1,2,2,2,2,2,3,3,1,1,1,2,2,3,2,3,4,4,3,3,2,2,3,4,3,4,2,2,2,2,4,5,1,3,3,3,3,3,2,2,3,3,2,2,1,2,2,2,2,2,1,3,4,4,1,2,1,4,1,3,1,5,2,5,1,1,4,4,3,3,3,3,2,2
"31","M145519",4,4,3,3,4,4,2,2,2,3,1,1,2,1,3,3,1,1,2,2,1,1,1,3,1,1,3,1,2,2,3,1,3,4,4,2,2,1,2,4,1,4,1,1,1,1,2,2,4,1,3,1,3,3,3,3,2,2,3,4,2,2,2,2,2,2,1,1,2,2,1,3,3,3,1,1,1,1,1,3,4,1,1,1,1,3,3,3,1,3,3,1,3,3,3,4,3,3,2,2,4,1,3,3,2,1,4,4,1,1,2,3,1,1,1,1,2,4,4,4,3,3,2,1,4,4,1,1,3,3,4,4,1,1,3,3,1,1,4,4,4,4,1,1,2,1,0,0,4,4,1,3,1,4,2,3,1,3,1,3,1,3,4,4,2,4,3,3,3,3,4,4,2,1,3,1,3,3,1,3,1,3,2,2,1,1,1,2,1,1,1,2,1,2,2,1,2,2,1,1,4,3,2,1,2,2,1,2,3,4,5,5,3,3,2,2,2,2,2,5,1,2,3,3,2,5,1,1,2,3,2,3,3,3,5,5,5,5,2,3,1,3,1,1,1,3,2,2,1,2,2,3,2,2,1,1,2,2,2,3,2,4,1,1,5,5,1,1,1,4,3,3,2,3,3,3,5,6,4,5,1,3,4,4,1,7,2,3,3,3,1,2,1,1,1,3,3,3,3,3,3,3,3,3,4,4,3,3,1,2,3,3,4,4,2,4,4,4,1,3,3,3,3,3,2,4,4,6,1,2,1,1,1,3,4,4,2,2,3,3,1,3,2,3,3,3,4,4,1,2,3,3,3,3,1,1,1,1,2,2,1,1,1,1,3,3,2,2,2,3,2,2,2,2,1,1,1,1,2,2,2,4,4,4,3,3,2,2,4,4,3,3,2,2,2,2,4,5,2,3,1,2,3,3,3,4,3,3,2,2,1,2,1,2,2,2,1,1,2,4,1,2,1,3,1,3,1,3,3,4,3,3,4,4,2,2,2,3,2,2
"32","M145520",3,4,3,3,4,4,2,2,2,2,1,1,2,1,3,3,1,1,2,2,4,4,1,1,3,3,3,3,1,1,1,1,3,3,4,2,2,2,2,4,1,4,1,1,3,1,2,4,4,4,3,1,3,3,3,3,2,4,3,4,2,1,2,1,2,2,1,1,2,2,1,1,3,1,1,1,1,1,1,3,4,1,1,1,3,3,3,3,3,3,1,1,3,1,3,4,3,1,2,2,1,1,3,1,2,1,4,4,1,3,2,3,1,1,4,4,2,4,1,4,3,3,1,1,2,4,1,1,1,1,2,2,2,1,1,3,3,1,4,4,3,4,1,1,2,2,1,1,4,4,3,3,1,1,2,3,1,3,1,1,1,1,4,4,4,4,3,3,2,3,4,4,2,2,3,3,3,3,1,3,1,3,1,1,1,1,1,1,1,1,1,2,2,2,2,1,2,2,1,1,2,2,2,1,1,4,2,2,3,3,5,5,1,3,1,1,2,3,2,2,1,1,3,3,2,5,1,1,2,3,3,3,2,3,1,5,3,5,2,2,3,3,1,1,1,1,2,4,1,1,2,2,2,2,1,1,2,3,3,3,4,4,1,1,5,5,1,1,1,3,2,3,2,3,3,3,5,5,4,5,2,3,3,3,4,7,3,3,3,3,1,1,1,6,3,3,3,3,3,3,1,3,2,2,3,4,2,2,2,2,3,3,3,4,5,5,3,3,2,2,2,3,3,3,2,4,2,4,1,2,1,2,1,1,4,4,1,2,1,3,1,1,3,3,3,3,4,4,1,1,3,3,1,3,1,3,1,2,2,3,1,1,1,2,3,3,2,2,2,2,2,2,3,4,2,2,1,1,2,2,2,4,4,4,3,4,2,2,3,3,3,4,1,2,2,2,4,5,1,3,3,3,3,4,2,3,3,3,2,2,1,1,2,2,2,2,1,1,2,4,1,2,4,4,2,3,5,5,4,4,1,1,4,4,3,4,2,2,1,2
"33","M145521",3,4,3,1,4,4,2,2,2,2,1,3,1,1,2,3,1,1,2,2,1,4,1,3,3,1,3,3,1,1,3,1,3,3,4,4,2,1,4,4,1,4,1,1,0,0,2,2,4,4,3,3,3,3,3,3,2,2,3,4,2,1,2,1,2,2,1,1,2,2,1,1,3,3,4,1,1,1,1,3,4,4,1,1,3,3,3,3,1,3,1,1,3,1,3,4,3,3,2,2,1,1,3,1,1,1,1,1,1,1,2,3,1,1,4,1,2,4,1,4,3,3,2,1,4,4,1,1,1,3,2,4,0,0,3,3,1,1,4,4,3,4,2,1,2,2,2,1,4,4,3,3,0,0,2,2,1,1,1,1,1,1,4,4,4,4,3,3,3,3,4,4,2,1,3,3,3,1,3,3,3,3,1,2,1,1,1,2,1,2,1,2,1,2,2,1,2,2,1,1,2,2,2,1,1,1,2,2,3,3,5,5,3,3,1,2,2,3,2,2,1,2,3,4,2,5,1,1,2,3,3,3,3,3,1,5,2,5,2,2,2,3,1,1,1,1,1,1,1,1,2,2,2,2,1,3,2,3,3,3,4,4,1,1,5,5,1,1,1,3,2,2,2,3,3,3,5,5,4,5,2,2,3,3,7,7,3,3,3,3,1,2,1,6,3,3,1,3,2,3,3,3,2,2,4,4,2,2,2,2,3,3,4,4,1,5,3,3,1,3,2,3,1,3,2,4,2,4,1,2,1,2,1,3,4,4,1,2,1,3,1,1,3,3,3,3,4,4,1,1,3,3,3,3,1,3,1,1,2,3,1,1,1,1,1,3,2,2,2,2,2,2,2,3,2,2,1,1,2,2,4,4,4,4,3,4,2,2,3,3,4,4,2,2,2,2,4,5,3,3,3,3,3,3,4,4,3,3,2,2,1,1,2,2,2,2,1,1,2,4,2,2,4,4,3,3,5,5,4,4,1,1,4,4,3,4,2,3,2,2
"34","M145522",4,4,3,1,4,4,2,2,2,2,1,3,2,1,2,3,1,4,2,2,1,4,1,1,1,1,1,1,1,1,1,1,3,3,2,2,1,1,2,2,4,4,1,1,1,1,4,4,1,1,3,3,4,4,3,3,2,4,4,4,2,1,2,2,2,2,1,1,4,2,3,3,1,1,4,1,1,1,3,3,1,1,1,1,3,3,3,3,3,3,3,1,1,1,4,4,3,1,2,2,4,1,3,1,1,1,4,1,1,3,3,3,1,1,4,1,4,4,4,4,3,1,1,1,4,4,1,1,1,1,2,4,2,1,3,3,3,1,4,4,4,4,2,1,2,2,2,2,4,2,1,3,1,1,2,3,1,3,1,3,1,1,4,1,2,4,1,1,2,3,4,4,2,2,3,3,3,3,1,3,3,3,1,1,1,1,2,2,2,2,2,2,2,2,2,2,2,2,1,1,3,2,1,1,3,4,2,2,3,3,4,5,3,3,2,2,3,3,7,7,1,1,3,3,2,5,1,2,3,3,3,3,1,3,1,1,2,5,2,3,1,1,1,1,1,1,1,2,1,1,2,2,2,2,1,1,3,3,3,3,4,4,1,3,5,5,1,1,1,1,2,3,2,3,1,3,5,5,4,4,3,3,2,4,7,7,3,3,3,3,1,1,1,1,3,3,3,3,2,3,1,3,2,3,4,4,2,3,2,2,1,3,4,4,2,2,3,4,1,1,3,3,2,3,4,4,4,4,1,2,1,2,1,5,4,4,1,2,3,3,1,1,2,3,1,1,4,5,1,1,3,3,1,4,1,1,1,1,2,3,1,1,1,1,3,3,1,2,2,2,2,2,2,2,1,1,1,1,2,2,4,4,4,4,3,3,2,2,3,4,3,4,1,2,1,2,4,4,1,3,3,3,2,3,2,2,3,3,2,3,1,2,2,2,2,5,1,3,4,4,2,2,3,3,1,3,1,3,4,5,2,2,4,5,4,4,2,2,1,2
"35","M145523",3,3,3,1,4,4,2,1,2,2,1,3,1,1,2,2,1,1,2,2,1,1,1,3,1,1,1,1,2,1,1,1,3,4,4,2,1,1,2,4,1,1,1,1,1,1,4,4,4,4,1,1,3,3,3,4,2,4,3,3,1,1,2,2,2,2,1,1,4,2,3,3,3,1,4,4,3,3,3,3,4,1,1,1,3,3,1,3,1,3,1,1,3,1,3,3,1,1,2,2,4,4,3,1,1,1,1,1,3,3,3,3,3,1,4,1,4,4,1,4,3,3,1,1,4,4,2,1,1,3,4,4,2,2,3,3,1,1,4,4,3,4,2,2,1,1,2,1,2,2,1,1,1,4,2,2,1,3,1,1,1,1,4,1,4,4,3,3,2,2,2,2,2,1,3,3,3,3,3,3,3,3,1,1,1,1,2,2,2,2,1,2,2,2,2,1,1,2,1,1,1,2,1,1,3,3,2,2,3,3,5,5,1,3,1,1,2,3,1,7,2,2,3,3,2,5,1,1,3,3,3,3,1,3,5,5,3,3,2,3,2,3,2,2,1,1,2,4,2,2,2,2,2,2,1,1,2,3,2,2,2,4,1,1,2,5,1,2,1,1,2,3,2,2,3,3,4,6,4,4,2,3,3,4,6,7,2,2,3,3,1,1,3,6,3,3,3,3,2,3,1,3,2,2,4,4,2,2,2,2,1,1,4,4,2,2,3,4,3,3,3,3,2,3,4,5,4,6,1,2,1,1,3,3,2,3,1,1,1,4,3,3,3,3,3,3,4,4,1,2,3,3,3,4,1,1,1,1,1,2,2,3,1,1,1,3,1,2,2,5,2,2,2,4,1,1,3,3,2,2,2,4,4,4,1,3,2,2,5,5,1,1,2,2,1,1,4,6,3,3,2,3,2,3,3,4,3,3,2,2,1,3,2,2,2,2,1,1,4,4,1,2,2,3,2,3,3,5,3,4,1,3,3,4,2,2,2,4,2,2
"36","M145525",3,4,3,3,4,4,2,2,2,2,1,3,2,2,2,2,1,4,2,2,4,4,1,3,1,1,3,1,1,1,3,1,3,3,4,2,1,1,2,2,4,4,4,1,3,3,2,2,4,1,3,1,3,3,3,3,2,4,3,4,2,2,2,2,2,2,1,1,2,2,1,3,3,1,1,1,1,3,3,3,4,4,1,1,1,3,1,3,1,3,1,1,3,1,3,4,1,1,2,2,4,4,3,1,2,1,1,1,1,1,2,2,1,1,4,1,2,4,1,4,3,1,2,2,2,2,1,1,1,1,2,2,2,2,3,3,3,1,4,4,3,4,1,1,2,2,1,1,4,4,1,3,1,1,2,2,1,3,1,1,1,3,4,4,4,4,3,3,3,3,4,4,2,1,3,3,1,1,3,3,3,3,1,1,2,2,1,2,1,1,1,1,1,2,1,1,2,2,0,0,2,2,1,1,1,2,2,2,3,3,3,5,3,3,1,2,2,3,2,2,1,2,3,3,2,5,1,1,1,3,1,3,1,3,1,5,5,5,2,3,3,3,1,1,1,1,1,1,1,2,2,5,2,2,1,1,3,3,2,3,4,4,1,1,3,5,1,1,1,3,2,3,2,3,2,3,5,5,5,5,1,2,3,4,7,7,2,3,3,3,1,1,1,6,3,3,3,3,3,3,1,3,1,1,3,4,2,3,2,2,3,3,4,4,2,5,3,4,2,3,3,3,3,3,4,7,2,4,1,1,1,2,1,1,4,4,2,2,3,3,1,1,3,3,3,3,4,5,1,1,3,3,1,1,1,3,1,1,2,3,1,1,1,1,3,3,2,2,2,3,2,2,2,4,1,2,3,3,2,2,4,4,4,4,3,3,3,3,3,3,4,4,1,2,1,1,4,4,1,3,3,3,3,4,2,4,3,3,2,3,1,2,2,2,2,2,1,1,2,4,1,1,1,4,3,3,1,4,3,4,1,2,4,4,4,4,2,2,1,2
"37","M145526",3,4,3,3,4,4,2,2,2,2,1,3,2,1,2,2,1,1,2,2,1,4,1,1,3,1,3,1,2,1,3,3,3,3,4,4,2,2,4,4,4,4,1,1,1,1,2,2,4,1,3,1,3,3,3,3,2,2,3,4,2,1,2,2,2,2,1,1,2,2,1,1,1,1,1,1,1,1,1,1,4,1,1,1,3,3,3,3,3,3,1,1,3,1,3,4,3,3,2,2,4,1,3,1,2,1,4,1,1,1,2,3,1,1,4,1,4,4,1,4,3,1,2,2,4,4,1,1,3,3,2,4,0,0,1,1,3,1,4,4,3,4,2,1,2,2,1,1,4,4,3,3,1,4,2,2,1,3,1,3,3,3,4,4,4,4,3,3,0,0,2,4,2,1,3,3,3,3,1,1,3,3,1,2,1,2,1,2,1,2,1,2,1,2,2,1,2,2,1,1,1,2,2,1,1,4,2,2,3,3,5,5,1,3,1,1,3,3,1,2,2,2,3,4,2,5,1,1,2,3,3,3,3,3,1,5,2,5,2,2,2,3,1,1,1,1,2,4,1,1,2,2,2,2,1,3,2,3,3,3,4,4,1,1,5,5,1,1,3,3,2,3,3,3,2,3,5,6,4,4,2,2,3,4,7,7,2,3,3,3,1,1,1,6,3,3,3,3,3,3,1,1,2,2,4,4,2,2,2,2,3,3,4,4,5,5,3,3,1,3,2,3,1,3,1,4,2,6,1,1,1,2,1,3,4,4,2,2,1,3,1,3,3,3,3,4,4,4,1,2,3,3,3,3,1,3,1,2,2,3,1,1,1,1,2,3,2,2,2,2,2,2,3,4,2,2,1,1,2,2,4,4,4,4,3,4,2,2,3,3,3,4,1,2,2,2,5,5,3,3,3,3,3,4,2,3,3,3,2,2,1,1,2,2,2,2,1,1,2,4,2,2,4,4,2,3,1,5,4,4,1,3,3,4,3,4,2,2,1,2
"38","M145527",4,4,3,1,4,4,2,1,2,3,1,3,2,2,2,2,1,4,2,2,1,1,1,1,1,1,3,1,2,1,3,3,3,3,4,2,1,1,2,4,1,4,1,1,1,1,4,4,4,1,3,1,3,4,3,3,0,0,3,4,2,2,2,1,2,1,1,1,2,2,1,3,3,3,1,1,1,1,3,3,4,1,1,1,3,3,3,3,3,3,1,1,3,1,3,4,0,0,2,2,4,1,3,1,2,2,1,1,3,3,3,3,1,1,4,4,2,4,1,4,3,3,2,2,4,4,1,1,1,3,4,4,1,1,1,1,1,1,4,4,3,4,2,1,2,2,2,2,4,4,3,3,1,4,2,2,1,1,1,1,3,3,4,4,2,4,3,3,2,3,4,4,2,2,3,3,3,3,1,3,3,3,1,2,1,1,2,2,1,2,1,1,1,2,1,1,2,2,1,1,2,2,2,2,2,4,2,2,3,3,4,4,3,3,1,2,2,2,2,5,1,2,3,5,3,5,1,2,3,3,3,3,3,3,1,5,5,5,2,3,3,3,1,1,1,1,1,2,1,1,2,2,2,2,1,3,2,2,1,3,4,4,1,3,5,6,1,1,1,4,1,3,2,2,3,3,4,6,4,5,2,3,2,4,7,7,3,3,3,3,1,1,1,1,3,3,3,3,2,2,1,1,2,2,3,4,2,3,2,2,3,3,4,4,2,5,3,4,1,3,2,3,1,3,4,4,4,6,1,1,1,2,1,1,4,4,2,2,3,3,1,1,2,3,1,4,4,5,1,2,3,3,3,4,1,1,1,2,2,2,1,1,1,1,3,3,2,2,2,3,2,2,2,4,1,1,1,1,2,2,2,4,4,4,3,4,2,2,3,4,4,4,1,2,2,2,4,4,3,3,3,3,2,3,3,4,2,3,2,2,1,1,2,2,2,2,1,3,2,4,1,2,1,4,2,2,6,6,2,4,2,2,3,4,2,4,2,2,2,2
"39","M145528",0,0,3,1,4,1,2,1,2,3,3,3,2,1,2,2,1,4,2,2,1,1,1,1,3,1,3,3,2,2,3,1,3,3,2,2,1,1,2,4,4,4,1,1,1,1,2,2,1,1,3,3,3,3,3,4,2,4,3,3,2,1,2,1,2,2,4,1,2,2,1,3,3,3,4,1,1,3,1,3,1,1,1,1,3,3,1,1,1,1,1,1,3,3,3,4,3,1,2,2,1,1,1,1,2,2,4,1,3,3,2,2,3,1,4,1,4,4,1,4,3,1,2,1,4,4,1,1,3,3,2,2,1,1,1,3,1,1,4,4,3,4,2,2,2,1,1,1,4,4,3,3,1,1,2,3,1,3,1,3,1,3,4,4,4,4,1,3,2,3,4,4,2,2,3,1,3,3,3,3,3,3,1,1,1,1,1,2,0,0,1,1,1,1,1,1,2,2,1,1,1,3,1,1,1,4,2,2,3,3,4,5,3,3,2,2,2,2,7,7,2,2,3,3,2,5,1,1,3,3,1,3,1,3,1,5,5,5,1,3,3,3,1,2,1,1,2,2,2,2,2,5,2,2,1,1,2,3,2,2,4,4,1,1,5,5,1,1,1,3,2,3,2,3,3,3,5,6,1,4,1,3,4,4,3,7,3,3,3,3,1,1,1,1,3,3,3,3,3,3,3,3,1,2,4,4,2,2,1,2,1,3,4,4,2,5,3,3,1,3,2,3,1,3,1,4,2,6,1,1,1,1,1,1,4,4,1,2,3,3,1,1,3,3,3,3,4,4,1,1,3,3,4,4,1,1,2,2,2,2,1,1,1,2,1,3,2,2,2,2,2,2,2,2,1,1,1,1,2,2,4,4,4,4,3,3,2,2,3,4,3,6,2,2,2,2,4,4,1,3,3,3,3,3,3,4,3,3,2,2,2,2,1,2,2,2,1,1,2,4,1,2,3,4,1,1,5,5,5,5,2,2,3,6,3,4,2,3,2,2
"40","M145529",3,4,3,1,4,4,2,1,2,2,1,3,2,1,2,3,1,1,2,2,4,4,1,1,3,1,3,1,2,2,3,3,3,4,4,2,1,1,2,4,4,4,1,1,1,1,4,4,4,4,1,1,3,3,3,4,0,0,4,4,1,1,2,2,2,2,4,1,2,2,1,3,1,1,4,1,1,1,3,3,4,1,1,1,3,3,1,3,1,3,1,1,3,1,3,3,3,3,2,2,4,1,1,1,2,2,4,1,1,1,2,3,1,1,1,1,2,4,1,4,3,3,1,1,2,4,1,1,3,3,2,4,1,1,3,3,1,1,4,4,4,4,2,1,2,2,1,1,4,4,1,3,1,1,2,3,1,1,1,3,1,3,4,4,4,4,1,3,3,3,4,4,2,1,3,3,3,1,1,3,3,3,1,2,1,1,2,2,2,2,2,2,1,2,2,1,2,2,1,1,1,2,2,1,1,4,2,2,3,3,5,5,3,3,1,2,2,2,1,2,2,2,3,3,5,5,1,1,3,3,3,3,2,3,4,5,5,5,2,2,3,3,1,2,1,3,2,2,1,2,2,2,2,2,1,1,2,3,2,3,4,4,1,1,5,5,1,1,3,3,2,2,4,6,3,3,3,5,3,4,1,3,3,4,1,1,3,3,3,3,1,1,1,1,3,3,3,3,2,3,1,3,1,3,2,3,1,2,1,2,1,3,2,3,2,5,3,3,3,3,3,3,3,3,3,4,2,6,1,1,1,1,1,1,4,4,1,2,3,3,1,1,3,3,3,3,1,5,1,1,3,5,3,4,1,1,1,2,2,2,1,1,1,1,1,2,1,1,2,2,2,2,2,3,1,1,1,1,2,2,2,2,4,5,3,4,2,2,4,4,4,6,2,2,2,2,4,5,1,3,2,2,3,3,2,3,3,3,2,2,1,1,2,2,2,2,1,3,4,4,1,1,1,4,1,3,3,3,3,5,1,3,4,4,0,0,2,3,2,2
"41","M145530",4,4,3,1,4,1,2,2,2,2,1,1,2,1,0,0,1,4,2,2,1,1,1,1,3,1,1,1,2,1,3,3,3,3,4,4,1,1,2,2,4,4,1,1,3,1,4,4,4,4,3,1,3,4,3,3,2,4,4,4,2,1,2,2,2,2,4,1,2,2,1,3,1,1,4,1,1,3,1,3,1,1,1,1,1,3,3,3,3,3,3,1,3,3,3,3,3,1,2,2,4,4,3,1,1,1,4,4,1,3,2,3,1,1,4,4,2,4,1,4,3,3,2,1,4,4,1,1,3,3,2,4,2,2,1,3,3,1,4,4,3,4,2,1,2,2,1,1,4,4,3,3,1,1,2,3,1,1,3,3,3,3,4,4,4,4,1,3,2,3,4,4,2,1,3,3,3,3,1,1,3,3,1,2,1,1,1,2,1,2,2,2,2,2,2,2,2,2,1,1,1,2,2,1,2,4,2,2,3,4,5,5,3,3,1,2,3,3,2,7,1,2,3,5,2,5,1,1,3,3,2,2,1,3,5,5,3,5,2,2,2,3,1,2,1,3,2,2,1,2,2,2,1,2,1,1,2,3,3,4,4,4,1,1,2,5,1,1,3,4,3,3,2,3,1,3,5,6,1,4,2,3,4,4,1,1,3,3,2,3,2,2,1,1,3,3,3,3,2,2,3,4,2,2,2,4,2,2,2,2,1,1,3,4,2,4,3,4,1,3,3,3,1,3,2,4,4,6,1,2,1,2,1,3,3,4,2,2,2,3,1,1,3,3,1,3,1,4,1,1,3,3,1,3,1,1,1,1,2,2,1,2,1,1,3,4,2,2,1,2,2,2,2,3,1,1,3,3,2,2,2,2,4,4,3,3,2,2,3,3,4,4,2,2,1,2,4,4,1,3,3,3,3,3,2,2,1,3,2,3,1,3,2,2,2,2,1,2,4,4,1,1,1,3,3,3,3,4,3,4,1,2,3,4,3,4,2,2,2,2
"42","M145531",3,3,3,3,4,1,2,1,2,3,1,3,2,2,3,3,1,1,1,1,1,1,1,1,3,1,3,1,1,1,3,1,3,3,4,4,1,1,2,4,4,4,4,1,1,1,2,4,4,4,3,1,4,4,3,4,2,2,3,4,2,2,2,2,2,2,1,1,2,2,1,3,3,1,1,1,1,3,1,3,4,4,1,1,3,3,1,3,3,3,1,1,3,1,3,3,3,3,2,2,1,1,1,1,1,1,1,1,1,3,3,3,3,1,1,1,2,2,4,4,1,1,2,2,2,4,1,1,1,3,4,4,1,1,1,3,1,1,4,4,4,4,2,1,2,1,1,1,4,2,1,3,1,1,2,2,1,1,1,1,3,3,4,4,4,4,1,3,3,3,4,4,2,2,3,3,3,3,1,3,3,3,1,1,1,1,1,2,1,2,2,2,2,2,2,2,2,2,1,1,1,4,1,1,1,4,2,2,3,4,5,5,1,3,1,2,2,2,5,7,1,2,3,3,5,5,1,2,1,3,3,3,1,3,1,5,5,5,3,3,3,3,1,2,1,3,1,1,1,1,2,2,2,2,1,1,2,3,2,4,4,4,1,1,5,5,1,1,1,3,3,3,2,3,1,2,5,6,3,4,1,1,4,4,3,7,2,3,3,3,1,2,1,1,3,3,3,3,3,3,1,1,3,3,2,4,2,2,1,2,3,3,4,4,2,5,1,4,1,3,3,3,3,3,2,4,4,4,1,2,1,1,1,3,4,4,2,2,3,3,1,1,2,3,1,3,4,5,1,1,2,3,3,3,1,1,1,2,2,2,1,1,1,2,3,3,1,2,2,2,2,2,3,3,1,1,1,1,2,2,4,4,4,5,3,3,2,3,4,4,4,4,2,2,2,2,4,5,1,3,2,3,3,3,2,3,1,3,2,2,1,2,2,2,2,2,1,3,2,2,1,2,3,4,3,3,1,5,4,5,3,3,4,6,3,3,2,2,1,2
"43","M145532",4,4,3,3,4,4,2,2,2,2,1,1,2,1,2,2,1,1,2,2,1,1,1,3,1,1,3,1,2,2,3,1,3,4,4,2,2,2,2,4,4,4,1,1,1,1,2,2,4,1,3,1,3,3,3,3,2,4,3,4,2,2,2,2,2,2,1,1,2,2,3,3,3,1,1,1,1,1,1,3,4,1,1,1,1,3,1,1,1,3,3,1,3,1,3,3,3,3,2,2,1,1,3,1,2,1,4,1,1,1,2,2,1,1,1,1,2,4,1,1,3,1,2,1,4,4,1,1,3,3,2,4,1,1,3,3,3,1,4,2,4,4,1,1,2,2,1,1,4,2,1,3,1,4,2,3,1,3,1,1,1,3,4,1,4,4,3,3,3,3,4,4,2,1,3,1,3,3,1,3,3,3,2,2,1,1,1,2,2,2,2,2,2,2,2,2,2,2,1,1,4,3,2,1,2,2,2,2,3,3,5,5,1,3,2,2,2,3,2,5,1,2,3,3,2,2,1,2,3,3,2,3,2,3,1,5,5,5,2,3,3,3,1,2,1,3,4,4,2,2,2,3,2,2,1,3,2,2,2,3,2,4,1,1,5,5,1,1,3,4,3,3,2,3,3,3,5,6,4,5,1,3,4,4,1,7,2,3,3,3,1,2,1,7,1,3,3,3,2,2,3,3,2,2,4,4,2,3,1,2,1,3,4,4,2,4,4,4,1,3,3,3,3,3,4,4,6,6,1,1,1,1,1,3,3,4,1,2,3,3,1,1,2,3,3,3,4,4,1,1,2,3,3,3,1,1,1,1,2,2,1,1,1,1,2,3,2,2,2,2,2,2,2,3,1,3,1,1,2,2,2,4,4,4,3,3,2,2,4,4,3,3,2,2,2,2,4,5,2,3,2,3,3,3,2,2,3,3,2,2,1,2,1,2,2,2,1,1,4,4,1,2,3,4,1,3,1,3,3,4,1,3,4,4,2,2,2,2,2,2
"44","M145533",4,4,1,1,4,4,1,1,2,2,1,1,1,1,2,3,1,1,2,2,1,4,1,1,1,1,3,1,2,1,3,3,3,4,4,2,1,1,2,2,4,4,4,1,1,1,2,4,4,4,3,1,3,3,3,4,0,0,3,4,1,1,2,1,2,2,4,1,2,2,1,1,3,3,1,1,1,3,1,3,4,1,1,1,1,3,3,3,1,3,1,1,3,1,3,4,3,3,2,2,4,4,3,1,2,1,4,1,1,1,2,3,1,1,4,1,2,4,4,4,3,3,2,1,4,4,1,1,1,3,2,4,2,1,1,3,3,3,4,4,4,4,1,1,2,1,1,1,4,4,1,3,1,4,2,3,1,1,3,3,3,3,4,4,4,4,1,3,2,3,2,4,2,2,1,1,3,3,1,1,3,3,1,1,1,2,2,2,1,2,1,1,1,1,1,1,1,2,1,1,1,2,1,1,3,4,2,2,3,4,5,5,1,3,1,2,2,2,1,2,1,2,3,5,3,5,1,1,3,3,3,3,3,3,1,4,5,5,2,3,3,3,1,1,1,1,1,2,1,1,2,2,2,2,1,3,2,3,3,3,2,4,1,3,5,5,1,1,3,4,2,3,2,6,2,3,3,5,4,4,1,3,3,4,1,7,3,3,3,3,1,1,1,2,3,3,3,3,2,2,1,3,3,3,3,3,2,2,2,2,3,3,3,4,2,5,3,4,1,1,3,3,3,3,4,4,1,6,1,1,1,1,1,1,4,4,1,2,3,4,1,1,3,3,1,3,4,5,1,1,3,4,3,4,1,1,1,1,2,2,2,2,1,1,2,2,1,2,2,2,2,2,3,3,1,1,1,3,2,3,2,4,4,4,3,3,2,2,4,4,3,4,2,2,2,2,4,5,1,3,2,3,3,3,2,2,3,3,2,2,1,2,1,2,2,5,1,1,2,4,1,2,3,3,1,3,5,5,2,5,1,1,4,4,3,3,2,3,2,2
"45","M145534",4,4,3,1,1,1,2,1,2,2,1,3,2,1,0,0,1,4,2,2,1,1,1,1,1,1,1,1,1,1,3,1,3,3,2,2,1,1,2,2,4,4,1,1,3,3,2,2,4,4,3,1,4,4,4,4,0,0,4,4,2,1,2,2,2,2,4,1,2,2,1,1,3,1,4,4,1,3,3,3,4,4,2,1,3,3,1,3,1,3,1,1,3,3,4,4,3,3,2,2,4,4,3,1,1,1,4,1,3,3,2,3,1,1,4,4,4,4,1,4,3,3,1,1,4,4,1,1,3,3,2,4,2,1,3,3,1,1,4,4,4,4,2,1,2,2,1,1,4,4,3,3,1,1,2,2,1,3,1,3,1,1,4,4,4,4,1,3,2,3,4,4,2,2,3,1,3,1,1,3,1,3,1,1,1,1,1,2,1,1,1,2,1,2,2,1,2,2,1,1,2,2,2,2,3,4,2,2,3,3,5,5,3,3,2,2,2,2,2,5,2,2,3,3,1,2,1,2,3,3,3,3,2,3,1,1,2,5,1,2,3,3,1,1,1,1,1,2,1,2,2,2,2,2,1,3,3,3,2,3,3,4,1,1,5,5,1,2,1,3,3,3,2,2,3,3,5,6,4,4,1,3,4,4,7,7,3,3,3,3,1,1,1,2,3,3,3,3,0,0,3,3,2,3,4,4,2,3,2,2,3,3,4,4,2,2,3,4,1,1,3,3,3,3,4,5,2,4,1,1,1,1,1,5,4,4,1,1,1,3,1,3,2,3,3,3,4,5,1,2,3,3,3,3,1,1,1,2,2,2,1,1,1,1,1,3,2,2,1,5,2,2,2,3,1,3,1,3,2,2,4,4,4,4,3,4,2,3,3,3,3,4,1,2,2,2,4,4,3,3,3,3,2,3,2,2,3,3,2,2,1,1,1,2,2,2,1,1,3,4,1,1,1,1,1,1,3,5,4,4,1,2,3,4,3,4,2,4,2,2
"46","M145535",3,3,3,1,4,4,2,2,2,2,1,1,2,1,3,3,1,1,2,2,1,1,1,1,1,1,1,1,2,1,3,3,3,3,0,0,2,1,4,4,4,4,1,1,3,1,2,4,4,1,3,1,3,4,3,4,2,4,4,4,2,1,2,2,2,2,1,1,2,2,3,3,3,3,1,1,1,1,3,3,4,1,1,1,3,3,1,1,3,3,1,1,3,1,3,3,3,1,2,2,4,1,1,1,2,1,1,1,1,3,3,3,1,1,4,1,2,2,1,1,3,3,2,2,2,4,1,1,1,3,4,4,1,1,3,3,1,1,4,4,3,4,2,2,2,2,1,1,4,4,1,3,1,1,2,2,1,3,1,1,1,1,4,4,4,4,1,3,3,3,0,0,2,2,3,3,1,1,1,3,3,3,1,2,1,1,2,2,1,2,1,2,1,2,2,1,2,2,1,1,1,2,2,1,1,1,2,2,3,3,5,5,1,3,2,2,2,2,2,2,1,2,3,3,2,5,1,1,1,3,3,3,2,2,1,5,5,5,3,3,3,3,2,2,1,3,1,4,1,1,2,2,2,2,1,1,2,3,2,3,4,4,1,1,5,5,1,1,3,3,2,2,2,4,2,3,5,5,4,4,1,1,3,4,1,7,2,4,3,3,2,2,1,4,3,3,3,3,3,3,1,1,1,2,3,4,1,2,1,2,1,3,2,4,2,2,3,4,1,3,3,3,1,3,5,7,4,6,1,1,1,2,1,5,4,4,1,2,3,3,1,3,3,3,1,3,5,5,1,1,2,3,1,4,1,1,1,1,2,2,1,1,1,2,3,3,1,2,2,2,2,2,3,3,1,1,1,1,2,2,2,4,4,4,3,4,2,2,3,4,4,4,1,2,2,2,4,4,1,3,3,3,3,3,3,3,3,3,2,2,1,2,2,2,2,5,1,1,2,4,1,1,1,3,1,3,3,4,4,5,1,3,3,4,2,2,2,2,1,2
"47","M145536",4,4,3,1,4,4,2,2,2,2,1,1,2,2,2,3,1,1,2,2,1,4,1,1,1,1,1,1,2,1,1,1,3,3,2,2,1,1,2,4,4,4,4,1,3,3,4,4,4,1,3,3,4,4,3,3,4,4,4,4,2,1,2,2,2,1,1,1,2,2,3,3,1,1,1,1,1,1,3,3,4,1,1,1,3,3,1,3,3,3,3,3,3,1,0,0,3,1,2,2,4,1,1,1,1,1,4,1,1,3,2,3,1,1,4,1,4,4,4,4,3,1,1,1,4,4,1,1,1,1,2,4,2,1,1,1,3,3,4,4,3,4,1,1,2,2,2,1,4,2,1,3,1,1,2,2,1,3,1,1,1,1,4,4,2,4,1,3,2,3,4,4,2,2,3,3,3,1,1,1,3,3,1,1,1,2,2,2,1,2,1,2,1,2,2,1,2,2,1,1,3,2,1,1,1,4,2,2,3,3,2,4,3,3,2,2,3,3,2,7,1,1,3,3,2,5,1,2,3,3,1,3,1,2,1,5,2,3,2,3,1,3,1,1,1,3,1,2,1,2,2,5,2,2,1,3,2,3,3,4,4,4,3,3,5,6,1,2,1,4,2,2,2,3,1,3,5,5,4,5,3,3,2,4,7,7,3,3,3,3,1,1,1,1,3,3,3,3,3,3,1,3,2,3,3,4,2,2,2,2,1,3,4,4,2,2,3,4,1,3,3,3,3,3,4,5,4,4,1,1,2,2,1,5,3,4,1,2,3,3,1,1,2,3,1,1,4,5,1,1,3,3,1,4,1,1,1,1,2,3,1,1,1,1,3,3,1,2,2,2,2,2,2,3,1,1,1,1,2,2,4,4,4,4,3,3,2,2,3,4,3,4,1,2,1,2,4,4,1,3,1,2,2,3,2,2,3,3,2,3,1,2,1,2,2,2,1,3,4,4,1,2,1,1,1,2,1,3,4,5,2,2,4,5,2,4,2,2,1,2
"48","M145537",3,4,3,3,1,1,2,1,2,2,1,1,2,2,0,0,1,4,2,1,1,4,1,1,1,1,3,1,2,1,3,1,3,3,4,4,1,1,0,0,1,1,1,1,1,1,2,4,4,1,1,1,4,4,3,3,4,4,3,4,2,2,2,1,0,0,4,1,2,2,1,3,3,3,4,4,1,1,3,3,0,0,1,1,0,0,3,3,1,3,3,1,3,1,3,4,3,1,2,2,4,1,3,3,2,1,1,1,0,0,2,3,1,1,4,4,2,4,1,4,1,1,2,2,4,4,1,1,1,1,2,2,1,1,1,3,3,1,4,4,3,3,1,1,2,2,2,1,4,2,3,3,1,4,2,3,1,1,1,3,3,3,4,1,2,4,3,3,2,3,4,4,2,1,3,1,3,3,1,3,3,3,1,2,1,2,1,2,1,1,1,1,1,1,1,1,2,2,1,1,4,3,2,1,2,2,2,2,3,3,4,5,1,1,2,2,1,2,1,2,2,2,3,3,3,5,1,2,3,3,2,3,1,1,1,5,5,5,2,3,3,3,1,2,1,1,1,1,1,1,2,5,2,2,1,2,2,3,2,3,2,4,1,1,5,5,1,2,1,1,1,2,3,3,2,3,5,6,4,5,1,3,2,4,7,7,3,3,3,3,1,1,2,2,3,3,3,3,2,2,1,3,2,3,3,4,2,2,1,2,3,3,3,4,2,2,4,4,3,3,3,3,1,3,4,7,4,6,1,1,2,2,1,5,3,4,1,2,3,3,1,1,2,3,3,3,3,5,1,2,3,3,1,3,1,3,2,2,1,2,1,1,1,1,1,3,2,2,2,3,2,2,2,2,1,1,1,1,2,2,2,4,4,4,3,3,2,2,3,3,4,4,1,2,2,2,4,4,3,3,3,3,2,3,3,3,3,3,2,3,1,2,2,2,2,2,1,3,2,4,1,1,1,4,2,3,5,6,3,4,1,2,4,4,2,4,2,2,2,2
"49","M145538",4,4,3,1,4,4,2,2,2,2,1,3,2,1,2,3,1,1,2,2,1,4,1,1,1,1,3,3,2,2,3,3,3,3,4,2,2,1,2,4,1,4,1,1,1,1,4,4,4,4,3,3,3,4,3,3,2,2,3,4,2,1,2,2,2,2,4,1,2,2,1,1,1,1,4,1,1,1,1,3,4,1,2,1,1,3,3,3,3,3,1,1,3,3,3,4,3,1,2,2,1,1,3,1,1,1,4,1,1,1,2,3,1,1,4,1,4,4,4,4,3,1,1,1,2,2,1,1,3,3,2,2,2,2,1,3,3,3,4,2,3,4,1,1,2,2,2,1,4,4,1,3,1,1,2,2,1,3,1,3,1,3,4,4,4,4,3,3,2,2,4,4,2,1,3,1,3,3,1,1,1,1,1,1,1,2,1,2,1,1,1,1,1,2,1,1,2,2,1,1,2,2,2,1,1,1,2,2,3,3,5,5,3,3,1,2,2,3,1,2,1,2,3,3,2,3,1,1,3,3,2,3,3,3,5,5,5,5,2,3,3,3,1,2,1,1,2,4,1,2,2,2,2,2,3,3,3,3,3,3,4,4,1,3,5,5,1,1,3,3,2,2,2,3,3,3,5,5,4,4,2,3,4,4,7,7,3,3,3,3,1,1,5,6,3,3,3,3,2,3,3,4,2,2,3,4,2,3,1,2,3,3,4,4,1,2,3,3,1,2,3,3,1,3,4,4,1,2,1,1,1,1,1,1,4,4,1,2,1,3,1,1,3,3,3,3,4,5,1,1,3,3,3,3,3,3,1,1,1,3,1,1,1,2,2,3,2,2,2,2,2,2,2,4,1,1,3,3,2,2,4,4,4,4,4,4,2,2,3,3,3,4,1,2,1,2,4,5,1,3,3,3,2,3,2,2,3,3,2,3,1,1,1,2,2,2,1,1,4,4,2,2,1,4,2,3,1,3,3,4,1,3,4,4,4,4,2,2,1,2
"50","M145539",4,4,3,1,4,1,2,2,2,2,1,1,2,1,2,3,1,1,2,2,1,4,1,1,3,1,3,1,1,1,1,1,3,3,2,2,1,1,2,2,1,4,4,1,3,1,4,4,4,1,3,3,4,4,3,3,0,0,4,4,2,2,2,2,2,1,4,1,2,2,3,3,1,1,4,1,1,1,1,3,1,1,1,1,3,3,1,3,3,3,3,1,3,3,4,4,3,3,2,2,4,1,1,1,1,1,4,4,1,3,3,3,1,1,4,4,2,4,4,4,3,1,2,1,4,4,1,1,1,3,2,2,2,1,1,3,3,3,4,4,3,4,2,1,2,2,2,1,4,2,1,3,1,1,2,2,1,1,1,1,1,3,4,1,2,4,3,3,3,3,4,4,2,2,3,3,3,3,1,3,3,3,1,1,1,2,2,2,1,1,1,1,1,1,1,1,2,2,1,1,1,3,2,2,4,4,2,2,3,3,2,4,3,3,2,2,2,3,1,7,1,1,3,3,2,5,1,1,3,3,3,3,2,3,1,5,2,3,2,3,1,1,1,1,1,1,1,2,1,2,2,5,2,2,1,3,2,3,4,4,4,4,3,3,5,5,1,1,1,4,2,3,2,2,3,3,5,6,4,4,3,3,2,4,7,7,3,3,3,3,1,1,1,6,3,3,3,3,2,2,1,1,2,2,3,4,2,3,2,2,1,3,4,4,2,2,3,3,1,3,3,3,2,3,4,5,4,4,1,1,1,2,1,5,4,4,1,2,1,3,1,1,2,3,1,1,4,4,1,1,3,3,3,4,1,1,1,1,2,2,1,2,1,1,3,3,1,2,2,2,2,2,2,3,1,1,1,1,2,2,4,4,4,4,3,3,2,2,3,4,3,4,2,2,1,2,4,4,1,3,1,2,2,3,2,2,3,3,2,3,1,2,1,2,2,5,1,3,4,4,1,2,1,3,2,3,1,3,3,4,2,2,4,5,2,3,2,2,1,2
"51","M145540",4,4,3,1,4,4,2,2,2,2,1,1,2,1,2,2,1,1,2,2,1,4,1,1,3,3,1,1,1,1,3,3,3,3,4,4,2,1,2,4,1,4,1,1,3,1,2,2,4,4,3,3,3,3,3,4,2,2,3,4,2,1,2,1,2,2,1,1,2,2,1,1,3,1,1,1,1,1,1,3,4,1,1,1,3,3,3,3,3,3,1,1,3,1,3,4,3,3,2,2,4,4,3,3,1,1,4,1,1,3,2,3,1,1,4,4,2,4,1,4,3,1,2,1,2,4,1,1,3,3,2,4,0,0,1,3,3,1,4,4,3,4,2,1,2,2,1,1,4,4,3,3,1,4,2,2,1,3,1,1,1,3,4,4,4,4,3,3,0,0,4,4,2,1,3,3,3,3,1,3,1,1,1,2,1,2,1,2,1,2,1,2,2,2,2,1,2,2,1,1,1,3,2,1,1,1,2,2,3,3,5,5,2,3,2,2,2,2,2,2,1,2,3,4,2,5,1,1,2,3,3,3,2,3,1,5,2,5,2,2,2,3,1,1,1,1,1,1,1,2,2,2,2,2,1,1,2,3,2,3,4,4,1,1,5,5,1,1,1,3,2,3,3,3,3,3,5,6,4,5,2,2,3,3,7,7,2,3,3,3,1,2,1,6,3,3,3,3,2,3,1,1,2,2,3,4,2,2,1,2,3,3,4,4,5,5,3,3,1,2,3,3,1,3,2,4,2,4,1,2,2,2,1,3,4,4,2,2,1,3,1,3,3,3,3,3,4,4,1,1,3,3,1,3,1,3,1,1,2,3,1,1,1,1,1,3,2,2,2,2,2,2,2,2,1,2,1,3,2,2,4,4,4,4,3,3,2,2,3,3,4,4,2,2,1,2,5,5,1,3,3,3,3,4,4,4,3,3,2,2,1,1,2,2,2,2,1,1,2,4,2,2,4,4,3,3,5,5,2,4,2,3,4,4,3,4,2,3,1,2
"52","M145541",4,4,3,3,4,1,2,2,2,2,1,1,2,1,2,2,1,1,2,2,1,4,1,1,1,1,1,1,1,1,3,1,3,3,2,2,1,1,2,4,1,4,1,1,1,1,2,4,1,1,3,1,4,4,3,3,0,0,0,0,2,1,2,2,2,1,1,1,2,2,3,3,1,1,4,1,1,1,3,3,1,1,1,1,1,3,1,1,3,3,0,0,3,1,4,4,3,3,2,2,4,1,1,1,1,1,4,4,1,3,2,3,1,1,4,4,4,4,4,4,3,1,1,1,4,4,1,1,1,1,2,2,2,1,1,3,3,3,4,4,4,4,1,1,2,2,1,1,4,4,1,3,1,1,2,3,1,3,1,1,1,3,4,4,2,4,1,3,3,3,4,4,2,1,3,1,3,1,1,1,3,3,1,1,2,2,2,2,2,2,2,2,2,2,2,2,2,2,1,1,3,2,1,1,1,3,2,2,3,3,4,5,3,3,2,2,3,3,7,7,1,1,3,3,2,5,1,2,3,3,3,3,1,3,1,5,2,3,2,3,3,3,1,1,1,3,1,2,1,1,2,2,2,2,1,1,3,3,3,3,2,4,1,3,5,6,1,2,1,1,2,3,2,3,1,3,5,5,4,5,1,2,2,4,7,7,3,3,3,3,1,1,1,1,3,3,3,3,2,2,1,1,2,2,3,4,2,2,1,2,3,3,4,4,2,2,3,4,1,3,3,3,2,3,4,5,4,4,1,1,1,2,1,5,4,4,1,2,3,3,1,1,2,3,1,1,4,4,1,1,3,3,1,4,1,1,1,1,2,2,1,1,1,1,3,3,1,2,2,2,2,2,2,2,1,1,1,1,2,2,4,4,4,4,3,3,2,2,3,4,3,4,1,1,1,2,4,5,1,3,3,3,2,3,2,2,3,3,2,3,1,2,2,2,2,5,1,3,4,4,1,1,3,3,1,3,3,3,4,5,2,2,4,5,4,4,2,2,1,2
"53","M145543",4,4,1,1,4,4,2,1,2,2,1,3,2,1,2,2,1,1,2,2,1,1,1,3,1,1,3,1,2,1,3,1,3,3,0,0,2,1,2,4,1,4,4,1,3,1,2,4,4,4,3,1,3,4,3,3,2,2,3,4,1,1,2,2,2,2,4,1,2,2,1,3,3,3,4,4,1,1,3,3,1,1,2,1,1,3,3,3,1,3,1,1,3,1,3,4,3,1,2,2,1,1,3,1,2,1,4,1,1,1,2,3,1,1,1,1,2,4,4,4,3,3,2,1,4,4,1,1,1,3,2,4,1,1,1,3,3,1,4,2,3,4,2,1,2,1,2,2,4,2,1,1,1,4,2,3,1,1,1,1,1,3,4,4,4,4,3,3,2,3,4,4,1,1,3,1,3,1,1,1,1,3,1,1,1,1,2,2,1,1,1,1,1,1,1,1,2,2,1,1,3,2,2,2,1,2,2,2,3,3,5,5,3,3,2,2,2,2,2,2,2,2,3,3,3,5,1,1,3,3,1,3,3,3,1,5,3,5,2,3,1,3,1,2,1,1,1,4,1,1,2,3,2,2,1,3,3,3,3,4,4,4,1,1,5,5,1,1,1,3,2,2,3,3,3,3,5,6,4,4,3,3,4,4,1,7,3,3,3,3,1,1,5,5,3,3,3,4,2,2,2,3,2,2,3,4,1,3,1,2,3,4,2,4,2,3,3,3,1,3,2,3,2,3,2,4,4,6,1,2,2,2,1,5,4,4,1,2,1,3,1,1,3,3,1,3,4,5,1,1,2,3,1,3,1,3,1,1,2,2,1,3,1,1,1,3,1,2,2,5,2,2,3,4,1,1,3,3,2,2,2,4,4,4,3,4,2,3,3,4,2,4,2,2,2,2,4,4,1,2,2,3,2,2,2,3,3,3,2,2,1,3,1,2,2,2,1,1,1,4,1,2,4,4,1,1,1,3,3,4,1,1,4,5,4,4,2,3,2,2
"54","M145544",3,4,3,1,4,4,2,2,2,2,1,1,2,1,2,3,1,1,2,1,1,4,1,3,1,1,3,1,2,1,3,3,3,4,4,2,2,1,2,4,1,4,1,1,3,1,4,4,4,1,3,1,3,3,3,3,2,4,3,3,2,2,2,2,2,2,4,1,2,2,1,3,3,1,4,1,1,1,1,3,1,1,1,1,3,3,1,3,3,3,1,1,3,3,3,4,1,1,2,2,4,1,3,3,1,1,1,1,1,3,2,2,1,1,1,1,2,4,4,4,1,1,2,1,2,4,1,1,1,3,2,2,2,1,1,3,3,3,4,4,3,3,1,1,2,2,1,1,4,2,1,3,1,4,2,2,1,1,1,1,1,1,4,4,4,4,3,3,2,3,4,4,2,1,3,3,3,1,1,1,1,1,1,1,1,2,1,2,1,1,1,2,1,2,2,1,2,2,1,1,1,4,2,1,1,4,2,2,3,3,5,5,2,3,2,2,2,3,1,2,2,2,3,3,2,5,1,1,3,3,3,3,2,3,1,5,5,5,2,3,1,3,1,2,1,3,1,2,1,2,2,2,2,2,3,3,1,3,2,3,2,4,1,1,5,5,1,1,1,3,3,3,2,3,3,3,5,6,4,5,2,3,4,4,7,7,2,3,3,3,1,1,1,6,3,3,1,3,3,3,1,4,2,2,2,4,2,3,2,2,3,3,4,4,1,5,3,3,3,3,3,3,1,3,1,4,2,6,1,1,2,2,1,1,4,4,1,2,3,3,1,1,3,3,1,3,4,5,1,1,3,3,1,1,1,3,1,1,2,3,1,1,1,1,2,3,2,2,2,2,2,2,2,2,1,1,1,3,2,2,4,4,4,4,3,4,3,3,3,3,4,4,2,2,1,2,4,4,1,4,2,3,3,4,2,3,1,3,2,2,1,2,2,2,2,2,1,1,2,4,1,2,1,4,1,3,1,6,4,4,1,3,4,4,2,4,2,2,1,2
"55","M145545",3,4,3,1,4,1,2,1,2,3,3,3,1,1,3,3,1,4,2,1,1,1,1,3,1,1,1,1,2,1,3,3,3,3,4,2,2,1,2,4,4,4,1,1,1,1,2,2,4,1,3,3,3,3,3,3,2,2,3,4,2,1,2,2,2,2,4,1,2,2,1,3,3,1,1,1,1,3,3,3,1,1,1,1,3,3,1,1,1,1,1,1,3,1,3,3,3,1,2,2,4,1,3,1,2,2,1,1,1,3,3,3,1,1,1,1,2,2,1,4,3,1,2,1,4,4,1,1,1,3,4,4,1,1,3,3,1,1,4,4,3,3,1,1,2,1,2,1,4,2,3,3,1,1,2,3,1,1,1,3,3,3,4,4,4,4,3,3,3,3,2,2,2,1,3,3,3,1,1,3,1,1,1,2,1,1,1,1,1,1,1,2,1,2,2,1,1,2,1,1,1,2,1,1,1,4,2,2,3,3,3,4,1,3,2,2,2,2,2,7,1,1,3,3,5,5,1,1,3,3,1,3,1,3,4,5,5,5,2,3,3,3,1,2,1,3,1,4,1,2,2,2,2,2,1,1,2,3,2,4,4,4,1,1,5,5,1,1,3,4,2,3,2,3,1,2,5,5,4,4,1,1,4,4,1,3,3,3,3,3,1,2,1,4,3,3,3,3,2,3,1,3,2,3,4,4,2,2,1,2,3,3,3,4,2,5,3,3,1,3,3,3,1,3,4,5,2,6,1,1,1,1,1,1,4,4,1,2,3,3,1,1,3,3,1,3,5,5,1,1,3,5,3,4,1,1,1,2,2,3,1,1,1,2,1,3,1,2,2,2,2,2,2,3,1,1,1,1,2,2,2,4,4,4,3,3,2,2,3,4,4,4,2,2,2,2,4,5,1,3,3,3,3,3,2,3,3,3,2,2,1,1,2,2,2,2,1,1,2,4,1,1,1,4,1,1,3,3,5,5,1,3,4,4,4,4,2,2,2,2
"56","M145546",3,4,3,1,4,1,2,2,2,2,1,1,2,2,2,2,1,4,2,2,1,4,1,3,3,1,3,1,2,2,1,1,3,4,4,2,1,1,2,4,4,4,1,1,1,1,2,2,4,1,3,1,3,4,3,4,2,4,3,4,2,2,2,2,2,1,1,1,2,2,1,3,3,1,4,1,1,3,3,3,4,1,1,1,3,3,1,3,1,1,1,1,3,3,3,4,3,1,2,2,4,1,1,1,2,2,4,1,1,3,2,3,3,1,4,4,4,4,4,4,3,3,1,1,4,4,2,1,3,3,2,4,1,1,1,1,1,1,4,4,4,4,2,1,2,1,1,1,4,4,1,3,1,1,2,2,3,3,1,3,1,3,4,4,4,4,3,3,2,3,4,4,2,1,3,1,3,1,1,3,3,3,1,1,1,1,1,2,1,1,1,2,1,2,2,1,2,2,1,1,3,2,2,2,1,4,1,2,3,3,5,5,3,3,2,2,2,3,2,7,1,2,3,3,2,5,1,2,3,3,1,3,2,3,1,5,5,5,1,3,3,3,1,2,1,1,1,2,2,2,2,2,2,2,3,3,3,3,2,3,4,4,1,1,5,5,1,1,1,3,2,3,3,3,3,3,5,6,4,4,2,3,4,4,7,7,3,3,3,3,1,2,1,1,3,3,3,3,2,3,2,3,2,2,3,3,2,2,1,2,1,3,4,4,2,5,3,4,1,1,2,2,1,1,1,4,2,4,1,1,1,2,1,1,4,4,1,2,3,5,1,1,3,3,3,3,3,4,2,2,3,3,1,4,1,1,1,2,2,2,1,1,1,1,1,3,2,2,2,2,2,2,2,3,1,1,1,1,2,2,4,4,4,4,3,3,2,2,3,3,3,4,1,2,2,2,4,4,3,3,3,3,3,3,2,4,3,3,1,2,1,2,1,2,2,2,1,1,2,4,1,2,1,4,1,3,5,5,4,4,1,1,3,4,2,3,2,2,2,2
"57","M145547",3,4,3,3,4,4,2,2,2,2,3,3,1,1,2,2,1,4,2,1,4,4,1,1,1,1,3,1,1,1,3,3,3,3,4,2,1,1,2,4,1,4,4,1,3,3,2,4,1,1,3,1,3,3,3,3,2,4,3,4,2,2,2,2,2,2,4,1,2,2,1,3,3,1,1,1,1,1,3,3,4,1,1,1,3,3,1,3,1,3,1,1,3,1,3,4,1,1,2,2,4,1,3,1,2,1,1,1,1,1,2,2,1,1,1,1,2,4,4,4,3,1,2,2,2,4,1,1,3,3,2,2,2,1,3,3,3,1,4,4,3,3,1,1,2,2,1,1,4,4,1,3,1,4,2,2,1,1,1,1,1,1,4,4,4,4,3,3,3,3,4,4,2,1,3,3,1,1,1,3,1,1,1,1,1,2,1,2,1,1,1,1,1,1,1,1,2,2,1,1,2,2,1,1,1,4,2,2,3,3,5,5,1,3,2,2,2,2,2,2,2,2,3,3,2,5,1,1,1,3,1,3,1,3,1,5,5,5,2,3,3,3,1,1,1,3,1,2,1,2,2,5,2,2,1,1,3,3,3,3,4,4,1,3,3,5,1,1,1,3,2,3,2,3,3,3,5,6,4,5,1,2,3,4,7,7,2,3,3,3,1,1,1,6,3,3,3,3,3,3,1,1,1,1,3,4,2,2,2,2,3,3,4,4,1,2,3,3,2,3,3,3,1,3,4,4,2,6,1,1,1,2,1,1,4,4,1,2,3,3,1,1,3,3,3,3,4,5,1,1,3,3,1,1,1,3,1,1,2,3,1,3,1,1,1,2,2,2,2,5,2,2,2,4,1,2,3,3,2,2,4,4,4,4,3,4,3,3,3,3,4,4,1,2,1,1,4,4,1,4,3,3,3,4,2,2,3,3,2,2,1,2,2,2,2,2,1,1,2,4,1,2,1,4,3,3,4,5,3,4,1,2,4,4,4,4,2,3,1,2
"58","M145548",4,4,3,1,4,1,2,2,2,3,1,1,1,1,3,3,4,4,2,2,1,1,1,3,3,1,1,1,1,1,3,3,3,3,4,4,1,1,2,2,1,4,4,1,1,1,2,4,4,1,3,3,3,3,3,3,2,4,4,4,1,1,2,2,2,2,4,1,2,2,1,3,3,1,4,1,1,3,1,3,4,1,1,1,1,1,3,3,3,3,3,1,3,1,4,4,3,3,2,2,4,1,3,3,2,1,4,4,1,3,2,2,1,1,4,4,4,4,4,4,3,3,2,2,2,4,1,1,3,3,2,4,2,1,1,3,3,3,4,2,4,4,2,1,2,1,1,1,4,4,3,3,1,1,2,3,1,1,1,3,1,3,4,4,4,4,3,3,3,3,4,4,2,2,3,3,3,3,1,3,3,3,1,2,1,2,2,2,1,2,1,2,1,2,2,1,2,2,1,1,2,2,1,1,2,4,2,2,3,3,4,5,1,3,2,2,3,3,1,7,1,1,3,4,5,5,1,1,3,3,2,2,1,3,1,5,2,3,2,3,1,3,1,2,1,3,2,4,1,1,2,2,2,2,1,1,2,3,3,4,4,4,1,1,2,5,1,2,1,3,2,3,2,2,1,3,5,5,1,4,2,2,4,4,1,7,3,3,2,3,1,2,1,1,3,3,3,3,3,3,3,3,2,3,2,4,1,2,1,2,1,4,4,4,2,4,4,4,1,3,3,3,1,3,4,4,2,6,1,1,1,2,3,3,4,4,1,2,3,3,1,1,3,3,1,3,4,4,1,1,3,5,1,3,1,1,1,1,2,2,1,2,1,1,3,3,2,2,1,2,2,2,3,3,1,1,1,3,2,2,2,4,4,4,2,3,2,2,3,3,4,6,1,2,1,1,4,5,3,3,1,3,3,4,2,2,3,3,2,2,1,3,2,2,2,4,1,1,4,4,1,1,1,4,2,3,3,4,3,3,1,2,4,4,2,4,2,3,2,2
"59","M145549",3,4,3,1,4,4,2,2,2,2,1,1,2,1,2,3,1,4,2,2,4,4,1,3,1,1,3,3,1,1,3,1,3,3,4,2,2,1,2,4,4,4,1,1,3,1,2,4,1,1,3,3,3,4,3,3,2,4,3,4,2,2,2,2,2,2,1,1,2,2,1,3,3,3,4,1,1,3,3,3,1,1,1,1,3,3,1,3,1,3,1,1,3,3,3,3,3,3,2,2,4,1,3,1,1,1,1,1,1,1,2,2,1,1,4,1,2,4,1,4,3,3,2,1,2,4,1,1,3,3,2,2,2,1,1,3,3,1,4,4,3,3,1,1,2,2,1,1,4,4,1,3,1,4,2,2,1,3,1,1,1,1,4,4,4,4,3,3,3,3,4,4,2,1,3,3,3,1,1,3,3,3,1,1,1,2,1,2,1,1,1,1,1,1,1,1,2,2,1,1,4,2,1,1,1,2,2,2,3,3,3,5,2,3,1,2,2,3,2,2,1,1,3,3,2,5,1,1,1,3,1,3,1,3,1,5,5,5,2,3,3,3,1,1,1,1,1,2,1,1,2,5,2,2,3,3,3,3,3,4,4,4,1,3,3,5,1,1,1,3,3,3,2,3,2,3,5,5,5,5,2,3,4,4,7,7,2,3,3,3,1,1,1,6,3,3,1,3,2,3,1,1,1,2,3,4,2,3,2,2,3,3,4,4,2,5,3,3,3,3,2,3,1,3,4,7,2,4,1,1,2,2,1,1,4,4,1,2,3,3,1,1,3,3,3,3,4,5,1,1,3,3,1,1,1,3,1,1,2,3,1,3,1,1,3,3,2,2,2,5,2,2,2,4,1,2,1,3,2,2,4,4,4,4,3,4,3,3,3,3,4,4,1,2,1,2,2,5,1,4,3,3,4,4,2,3,3,3,2,3,1,2,2,2,2,2,1,1,2,4,1,1,1,4,2,3,1,4,4,4,1,3,4,4,4,4,2,2,2,2
"60","M145550",3,4,1,1,4,4,2,1,2,2,1,1,2,1,2,2,1,1,1,1,1,4,1,3,1,1,3,3,2,1,3,1,3,4,4,2,2,2,4,4,1,4,4,1,1,1,2,4,4,4,3,1,3,4,3,3,2,2,3,4,1,1,2,2,2,2,4,1,2,2,1,1,3,1,4,4,1,1,3,3,1,1,1,1,1,3,3,3,1,3,1,1,3,1,4,4,3,3,2,2,1,1,3,1,2,1,1,1,1,1,2,3,1,1,1,1,2,2,4,4,1,1,1,1,2,4,1,1,3,3,2,4,1,1,1,3,3,1,4,2,3,4,2,1,2,2,1,1,4,2,1,3,1,1,2,2,1,3,1,1,1,3,4,4,4,4,3,3,3,3,4,4,1,1,3,1,3,1,1,1,1,3,1,1,1,1,2,2,1,1,1,1,1,1,1,1,2,2,1,1,3,3,2,2,1,2,2,2,3,3,5,5,3,3,2,2,2,2,2,2,1,1,3,5,3,4,1,1,3,3,2,3,3,3,1,5,5,5,2,3,1,3,1,2,1,1,2,4,1,1,2,3,2,2,2,3,3,3,3,3,4,4,1,3,5,5,1,1,3,3,2,2,3,3,3,3,5,6,4,4,1,1,4,4,7,7,3,3,3,3,1,1,6,6,3,3,3,4,2,2,2,3,2,3,3,4,1,2,1,1,3,3,4,4,2,3,3,3,1,3,2,3,1,3,2,4,4,5,1,2,2,2,1,1,4,4,1,2,1,3,1,1,3,3,3,3,2,4,1,1,3,3,1,3,1,1,1,1,2,2,1,1,1,1,3,3,2,2,2,2,2,2,2,2,1,1,3,3,2,2,3,4,4,4,3,3,2,2,3,3,2,4,2,2,2,2,4,4,1,2,2,3,2,2,2,3,3,3,2,2,1,3,1,1,2,2,1,1,1,4,1,1,1,4,2,2,1,1,3,4,1,3,3,4,2,4,2,3,2,2
"61","M145551",3,4,3,3,4,4,2,2,2,2,1,1,2,1,2,2,1,4,2,1,4,4,1,3,1,1,3,1,2,1,3,1,3,3,4,4,2,1,2,2,1,4,1,1,3,3,2,4,1,1,3,1,3,4,3,3,2,2,3,4,2,2,2,2,2,2,4,1,2,2,1,3,3,1,4,1,1,3,1,3,4,1,1,1,3,3,1,3,1,3,1,1,3,3,3,3,3,3,2,2,4,1,3,1,1,1,1,1,1,1,2,2,1,1,1,1,2,4,1,4,3,1,2,1,2,2,1,1,1,3,2,2,2,1,3,3,3,1,4,4,3,3,1,1,2,2,1,1,4,4,1,3,1,4,2,2,1,3,1,1,1,3,4,4,4,4,3,3,2,3,4,4,2,1,3,3,3,1,1,3,3,3,1,1,1,1,1,2,1,1,1,2,2,2,2,1,2,2,1,1,2,2,1,1,1,4,2,2,3,3,5,5,3,3,2,2,2,2,2,2,1,2,3,3,2,2,1,1,1,3,1,3,2,2,1,5,5,5,2,3,3,3,1,1,1,3,1,2,1,1,2,5,2,2,3,3,3,3,2,3,4,4,1,3,5,5,1,1,1,3,3,3,2,3,3,3,5,6,4,5,1,2,4,4,7,7,2,3,3,3,1,1,1,6,3,3,3,3,3,3,1,1,1,1,3,4,2,3,2,2,3,3,4,4,2,5,3,3,1,3,3,3,3,3,4,4,2,6,1,1,1,2,1,5,4,4,1,1,3,3,1,1,3,3,3,3,4,5,1,1,3,3,1,3,1,3,1,1,2,3,1,3,1,2,3,3,2,2,2,5,2,2,2,4,1,2,1,1,2,2,4,4,4,4,3,4,3,3,3,3,4,4,1,2,2,2,4,4,3,4,3,3,3,4,2,3,3,3,2,2,1,2,2,2,2,2,1,1,2,4,1,1,1,4,3,3,4,5,3,4,1,2,4,4,4,4,2,2,1,2
"62","M145552",3,4,3,1,4,4,2,2,2,3,1,3,2,1,2,2,1,4,2,2,4,4,1,1,3,1,1,1,1,1,1,1,3,3,4,4,2,1,2,2,4,4,1,1,3,3,2,2,4,1,3,3,3,3,3,4,2,2,3,3,2,2,2,2,2,1,1,1,2,2,1,1,3,1,4,1,1,1,3,3,4,4,1,1,3,3,3,3,3,3,3,1,3,3,3,3,1,1,2,2,4,4,1,1,2,1,1,1,1,1,2,2,3,1,4,1,4,4,1,1,1,1,1,1,2,4,1,1,3,3,2,4,2,1,1,3,3,1,4,4,3,4,1,1,2,2,2,1,4,4,3,3,1,1,2,2,1,1,1,3,1,3,4,4,4,4,3,3,2,3,4,4,2,2,3,3,3,1,1,3,1,1,1,2,1,2,1,1,1,1,1,1,1,1,1,1,1,2,1,1,1,3,1,1,1,1,2,2,3,3,4,5,1,3,2,2,2,3,2,2,1,2,3,3,2,2,1,1,3,3,3,3,3,3,1,5,2,5,2,3,3,3,1,2,1,1,1,5,1,2,2,5,2,2,3,3,2,3,3,3,4,4,1,1,5,5,1,1,1,3,2,3,2,3,1,3,5,6,4,5,1,2,3,4,7,7,2,3,3,3,1,1,1,6,3,3,3,3,2,3,1,3,2,3,4,4,2,2,2,2,3,3,4,4,2,5,3,3,2,3,2,3,1,3,1,4,2,6,1,1,1,2,1,3,2,4,2,2,1,3,1,1,3,3,1,3,4,4,1,1,3,5,1,3,1,3,1,2,3,3,1,1,1,1,3,3,2,2,2,3,2,2,2,3,2,3,3,3,2,2,2,4,4,4,2,3,2,2,3,3,3,4,2,2,1,2,4,5,1,1,3,3,4,4,2,4,3,3,2,2,1,1,2,2,2,2,1,1,4,4,1,2,4,4,1,3,1,1,4,4,1,1,4,4,4,4,2,2,1,2
"63","M145553",3,4,3,1,4,4,2,2,2,2,1,1,1,1,2,3,1,1,2,2,4,4,1,1,3,1,3,1,1,1,1,1,3,3,4,2,2,2,4,4,1,4,1,1,1,1,2,4,4,1,3,3,3,3,3,3,2,4,3,4,2,1,2,1,2,2,1,1,2,2,1,1,3,1,4,1,1,1,1,3,4,1,1,1,3,3,3,3,3,3,1,1,3,1,3,4,3,1,2,2,4,1,3,3,1,1,4,1,1,3,2,3,1,1,4,4,2,4,1,4,3,3,2,1,4,4,1,1,1,1,2,4,2,1,1,3,1,1,4,4,3,4,2,1,2,2,2,1,4,4,3,3,1,4,2,3,1,3,1,1,1,1,4,4,4,4,3,3,3,3,2,4,2,1,3,3,3,3,1,3,3,3,1,2,1,2,1,1,1,1,1,2,2,2,2,1,2,2,1,1,1,2,2,1,1,1,2,2,3,3,5,5,1,3,2,2,2,3,2,2,1,1,3,3,2,5,1,1,3,3,3,3,2,2,1,5,3,5,2,2,3,3,1,1,1,1,1,1,1,2,2,2,2,2,3,3,2,3,2,3,4,4,1,1,5,5,1,1,1,3,2,2,2,3,3,3,5,5,4,5,2,3,3,4,4,7,2,3,3,3,1,2,1,6,3,3,3,3,2,3,1,1,2,2,3,4,2,2,1,2,3,3,3,4,1,5,3,3,2,3,3,3,1,3,2,4,2,4,1,2,1,2,1,1,4,4,2,2,1,3,1,1,3,3,3,3,4,4,1,2,3,3,3,3,3,3,1,1,2,3,1,1,1,1,3,3,2,2,2,2,2,2,2,4,1,2,1,1,2,2,2,4,4,4,3,3,2,2,3,3,4,4,1,2,2,2,4,5,3,3,3,3,3,3,4,4,3,3,2,2,1,4,2,2,2,2,1,1,4,4,1,2,4,4,3,3,1,5,4,4,1,3,4,4,3,4,2,2,1,2
"64","M145554",4,4,3,3,4,4,2,2,2,2,1,1,2,1,2,3,1,1,2,2,1,4,1,1,3,1,3,1,1,1,3,1,3,3,4,2,2,1,2,2,1,4,1,1,1,1,2,4,4,1,3,1,3,3,3,4,2,4,3,4,2,1,2,1,2,2,1,1,2,2,1,1,3,1,1,1,1,1,1,3,4,4,1,1,3,3,3,3,3,3,1,1,3,1,3,4,3,1,2,2,4,1,3,1,2,1,1,1,1,1,2,3,1,1,4,1,2,4,4,4,3,3,1,1,2,2,1,1,1,3,2,4,2,1,1,3,3,1,4,4,3,4,2,1,2,2,2,1,4,4,3,3,1,4,2,3,1,3,1,1,3,3,4,4,4,4,3,3,2,2,4,4,2,1,3,3,3,1,1,3,1,3,1,2,1,2,1,1,1,1,1,2,1,2,2,1,2,2,1,1,1,2,2,1,1,4,2,2,3,3,5,5,1,3,1,2,3,3,2,2,1,1,3,3,2,5,1,1,2,3,3,3,2,3,1,5,3,5,2,2,2,3,1,1,1,1,2,4,1,2,2,2,2,2,1,3,2,3,2,3,4,4,1,1,5,5,1,1,3,3,2,3,3,3,3,3,5,6,4,5,2,2,3,3,4,7,2,3,3,3,1,1,1,6,3,3,3,3,3,3,1,1,2,2,4,4,2,2,1,2,3,3,3,4,5,5,3,3,2,3,2,3,3,3,2,4,2,4,1,2,1,2,1,1,4,4,2,2,1,3,1,1,3,3,3,4,4,4,1,1,3,3,1,3,1,3,1,2,2,3,1,1,1,2,3,3,2,2,2,2,2,2,3,4,2,2,1,1,2,2,2,4,4,4,3,3,2,2,3,3,3,4,2,2,2,2,5,5,1,3,3,3,3,4,2,3,3,3,2,2,1,1,2,2,2,2,1,1,2,4,2,2,4,4,2,3,1,5,4,4,1,3,3,4,3,4,2,2,1,2
"65","M145555",4,4,3,1,4,1,2,2,2,3,1,3,2,1,0,0,1,4,2,2,1,4,1,1,3,1,1,1,2,1,3,1,3,3,4,2,1,1,2,4,1,1,1,1,1,1,2,4,4,1,3,1,4,4,3,3,2,4,4,4,2,2,2,2,2,2,1,1,4,2,3,3,1,1,1,1,1,1,3,3,1,1,1,1,3,3,1,3,3,3,3,1,1,1,4,4,3,3,2,2,4,1,1,1,1,1,4,4,1,3,2,3,1,1,4,1,4,4,4,4,3,3,2,1,4,4,1,1,1,3,2,2,2,1,1,3,3,1,4,4,4,4,2,1,2,2,1,1,4,2,1,3,1,1,2,2,1,3,1,3,1,3,4,1,2,4,1,3,3,3,4,4,2,2,3,1,3,1,1,1,0,0,1,1,1,2,2,2,1,1,1,1,1,1,1,1,2,2,1,1,3,2,1,1,1,3,2,2,3,3,2,4,3,3,2,2,2,3,2,7,1,2,3,3,2,5,1,1,3,3,1,3,2,3,1,1,5,5,2,3,1,3,1,1,1,3,1,2,1,2,2,2,2,2,1,1,2,3,3,3,4,4,1,3,5,6,1,1,1,1,3,3,2,2,1,3,5,5,4,5,1,3,2,4,7,7,3,3,3,3,1,1,1,1,3,3,3,3,2,3,1,3,2,3,4,4,2,2,2,2,1,3,4,4,2,5,3,3,1,1,3,3,3,3,4,4,4,6,1,2,2,2,1,3,3,4,1,2,3,3,1,1,2,3,1,1,4,4,1,1,3,3,3,4,1,1,1,1,2,2,1,2,1,1,3,3,1,2,2,2,2,2,3,3,1,1,1,1,2,2,4,4,4,4,3,3,2,2,3,4,3,4,2,2,2,2,4,5,1,3,3,3,2,3,2,2,3,3,2,3,1,1,1,2,2,5,1,3,4,4,1,1,3,3,1,1,1,3,4,5,2,2,4,5,4,4,2,2,1,2
"66","M145556",3,3,3,1,1,1,2,2,2,3,1,3,1,1,2,3,1,1,2,2,1,4,1,3,1,1,3,1,1,1,1,1,3,4,2,2,1,1,2,4,1,4,4,1,1,1,2,4,4,4,1,1,3,3,3,4,4,4,3,4,2,1,2,2,2,2,1,1,2,2,1,3,3,3,4,1,1,1,3,3,4,1,1,1,1,3,1,1,3,3,1,1,3,3,3,3,3,1,0,0,4,1,3,1,1,1,4,1,1,3,3,3,3,1,4,1,2,4,1,4,3,3,1,1,4,4,1,1,1,3,2,4,1,1,1,1,3,1,2,2,3,4,2,1,2,1,1,1,4,4,1,3,1,1,2,3,1,1,1,3,1,1,4,4,4,4,3,3,2,3,4,4,2,1,3,1,3,1,1,3,3,3,1,2,1,1,2,2,2,2,1,2,2,2,2,1,1,1,1,1,1,2,1,1,1,3,1,1,3,3,5,5,3,3,1,1,2,3,1,2,1,2,3,4,3,5,1,1,3,3,1,1,2,3,5,5,5,5,2,3,3,3,1,1,1,1,2,2,1,2,2,2,2,2,3,3,1,2,2,3,4,4,1,3,5,5,1,2,1,4,3,3,2,2,3,3,5,5,4,4,3,3,4,4,1,1,3,3,3,3,1,1,4,4,3,3,3,3,2,3,1,3,2,2,3,4,1,1,2,2,1,3,4,4,1,2,3,3,1,3,3,3,3,3,2,4,2,4,1,1,1,1,1,3,4,4,1,2,3,3,1,1,3,3,3,3,4,4,1,2,3,3,1,1,1,1,1,2,2,2,1,3,1,1,1,2,1,2,3,5,2,2,2,3,1,1,1,1,2,2,2,2,4,4,3,3,0,0,3,3,1,4,2,2,2,2,4,4,1,1,1,3,3,3,3,3,3,3,2,2,1,1,2,2,2,2,1,1,4,4,2,2,1,4,2,3,3,3,2,3,2,2,4,4,3,4,2,2,1,2
"67","M145557",4,4,3,1,4,4,2,2,2,2,3,3,2,2,2,3,1,1,2,2,1,4,1,1,1,1,3,1,1,1,0,0,3,3,4,4,1,1,4,4,4,4,1,1,1,1,2,2,4,1,3,3,3,3,3,4,2,2,3,3,2,1,2,2,2,2,1,1,4,2,1,1,3,1,4,1,1,1,3,3,1,1,1,1,3,3,3,3,1,3,1,1,3,3,3,3,3,3,2,2,1,1,3,3,1,1,4,4,1,3,2,3,1,1,4,4,4,4,1,4,3,3,2,1,4,4,1,1,1,1,2,4,2,2,1,3,3,1,4,4,3,4,1,1,2,2,1,1,4,4,3,3,1,1,2,2,1,1,1,3,3,3,4,4,4,4,3,3,2,3,4,4,2,1,3,3,3,3,1,3,3,3,1,2,1,1,1,2,1,2,1,1,2,2,1,1,2,2,1,1,1,2,1,1,1,2,2,2,3,3,5,5,3,3,2,2,2,3,2,7,1,1,3,3,2,5,1,1,2,3,1,3,2,2,5,5,5,5,2,3,3,3,1,1,1,1,2,2,2,2,2,2,2,2,1,3,2,3,2,3,2,4,1,1,5,5,1,1,2,3,2,3,3,3,3,3,5,6,4,5,1,2,3,4,7,7,2,2,3,3,1,1,1,6,3,3,3,3,2,2,1,3,2,2,4,4,1,2,2,2,1,3,4,4,1,5,3,3,2,3,3,3,1,1,4,4,2,6,1,1,1,1,1,1,4,4,1,2,1,3,1,1,3,3,3,3,4,4,1,1,3,3,1,4,1,3,1,1,3,3,1,1,1,1,2,3,2,2,2,2,2,2,2,2,1,1,2,3,2,2,4,4,4,4,4,4,0,0,3,4,2,4,2,2,1,2,4,4,1,1,3,3,3,4,2,2,3,3,2,2,1,1,2,2,2,2,1,1,2,4,1,2,4,4,1,3,1,5,4,5,1,3,3,4,4,4,2,2,1,2
"68","M145558",4,4,3,1,4,4,2,2,2,3,1,3,2,2,2,3,1,4,2,2,1,4,3,3,3,3,3,1,1,1,3,3,3,3,2,2,2,1,2,4,4,4,1,1,1,1,2,2,4,1,3,1,3,4,3,3,0,0,3,4,2,1,2,2,2,2,1,1,4,2,3,3,3,1,4,1,1,1,3,3,4,4,1,1,1,1,1,1,1,3,1,1,3,3,3,4,1,1,2,2,1,1,1,1,2,1,1,1,3,3,2,3,3,1,4,4,4,4,4,4,3,3,1,1,4,4,1,1,1,3,4,4,1,1,1,3,1,1,4,4,3,3,2,1,2,1,1,1,4,4,1,3,1,1,2,2,1,3,1,3,3,3,4,4,2,4,3,3,3,3,4,4,2,2,3,3,3,1,1,1,3,3,1,1,1,1,2,2,1,1,1,1,1,1,1,1,2,2,1,1,1,3,2,1,1,4,2,2,3,3,4,4,1,3,2,2,2,3,2,5,2,2,3,3,2,5,1,1,3,3,1,2,2,2,5,5,2,5,3,3,3,3,2,2,1,1,1,5,1,1,2,2,2,2,3,3,3,3,3,3,4,4,1,1,5,5,1,1,3,3,3,3,3,3,3,3,5,5,4,5,1,3,3,3,7,7,3,3,3,3,1,2,1,4,3,3,3,3,3,3,2,4,2,3,4,4,2,2,2,2,1,1,4,4,2,2,4,4,1,1,3,3,1,1,2,4,2,4,1,2,1,2,1,3,4,4,2,2,1,3,1,1,2,3,3,3,3,4,1,1,3,3,1,1,1,3,1,2,2,3,1,1,1,1,3,3,2,2,2,2,2,2,2,4,1,1,1,1,1,2,4,4,4,4,3,3,2,3,3,3,4,6,2,2,1,2,4,4,3,4,3,3,3,4,2,4,1,3,1,2,1,1,1,1,2,2,1,1,2,2,1,2,1,4,1,1,3,5,3,4,1,1,4,4,2,3,2,2,2,2
"69","M145559",3,4,3,3,4,1,2,2,2,2,1,3,2,1,2,3,1,4,2,2,1,1,1,1,1,1,1,1,1,1,3,1,3,3,2,2,1,1,2,4,1,4,1,1,3,1,2,2,4,1,3,3,3,3,3,3,2,4,3,3,1,1,2,2,2,2,1,1,2,2,3,3,3,1,4,1,1,1,1,3,1,1,1,1,3,3,1,3,1,1,3,3,3,3,3,4,3,1,2,2,4,4,1,1,2,1,4,1,3,3,2,3,3,1,1,1,4,4,4,4,3,3,1,1,4,4,1,1,1,3,2,4,1,1,1,3,1,1,4,4,4,4,1,1,2,1,1,1,4,2,3,3,1,1,2,3,1,1,1,3,1,3,4,4,2,4,3,3,3,3,4,4,2,2,3,3,3,1,1,1,3,3,1,1,1,2,1,1,1,1,2,2,1,2,2,1,2,2,1,1,1,1,1,1,2,4,1,2,3,3,5,5,3,3,1,2,2,2,1,1,2,2,3,3,5,5,1,1,1,3,1,3,3,3,1,1,5,5,3,3,3,3,1,1,1,1,1,5,2,2,2,2,2,2,1,1,2,3,2,3,4,4,1,1,5,5,1,1,1,4,2,3,2,3,3,3,5,5,4,4,1,3,3,4,1,7,3,3,3,3,1,1,1,2,3,3,3,3,2,2,3,3,2,2,4,4,2,3,1,1,1,3,3,4,1,2,3,4,1,1,3,3,1,3,4,4,4,6,1,1,1,2,1,3,1,4,1,2,3,5,1,3,2,2,3,3,4,4,1,2,3,5,3,3,1,1,1,1,2,2,1,1,1,1,3,3,1,2,1,1,2,2,2,3,1,1,1,3,2,2,2,4,4,4,2,3,2,2,3,3,4,4,2,2,2,2,4,4,3,3,2,3,3,3,2,2,3,3,2,2,1,2,2,2,2,2,1,3,4,4,1,1,1,4,1,1,3,6,3,3,1,2,3,4,3,4,2,2,2,2
"70","M145560",4,4,3,1,4,4,2,2,2,2,1,3,1,1,2,3,1,1,2,1,1,4,1,3,1,1,1,1,2,1,1,1,3,3,4,4,2,1,2,4,1,4,1,1,3,1,4,4,4,4,3,3,3,4,3,3,0,0,3,3,2,2,2,2,2,2,1,1,2,2,1,1,3,1,4,1,1,1,3,3,4,1,2,1,1,3,3,3,1,3,1,1,3,3,3,4,3,1,2,2,4,1,1,1,1,1,1,1,1,3,2,3,1,1,4,1,2,4,1,4,1,1,1,1,4,4,1,1,1,1,2,2,0,0,3,3,3,3,4,2,3,4,1,1,2,2,1,1,4,4,3,3,1,1,2,2,1,1,1,3,3,3,4,4,4,4,3,3,2,3,4,4,2,1,3,1,3,3,1,3,1,3,1,1,1,2,1,2,1,2,1,1,1,2,1,1,2,2,1,1,1,2,2,1,1,1,2,2,3,3,5,5,3,3,1,2,2,3,1,7,1,1,3,3,2,2,1,1,3,3,1,3,2,3,5,5,5,5,2,3,3,3,1,2,1,1,1,4,1,2,2,2,2,2,1,3,3,3,2,4,4,4,1,3,5,5,1,1,3,3,2,2,2,3,3,3,5,5,4,5,2,3,3,4,7,7,3,3,3,3,1,1,5,6,3,3,3,3,2,2,3,3,2,2,4,4,2,3,1,2,3,3,4,4,1,5,3,3,1,3,2,3,1,3,4,4,1,2,1,1,1,2,1,3,4,4,1,2,1,3,1,1,3,3,3,3,2,4,1,1,3,3,3,3,1,3,1,1,1,3,1,1,1,2,2,3,2,2,2,5,2,2,2,4,1,2,1,1,2,2,4,4,4,4,3,3,2,2,3,3,3,4,1,2,2,2,4,5,3,4,3,3,3,3,2,4,3,3,2,3,1,1,1,2,2,2,1,1,4,4,2,2,4,4,1,3,1,5,3,4,1,3,4,4,4,4,2,2,1,2
"71","M145561",3,4,3,1,4,4,2,1,2,2,3,3,1,1,2,3,4,4,2,2,1,1,1,1,1,1,1,1,1,1,1,1,3,3,2,2,2,1,2,2,1,4,4,1,1,1,2,2,4,1,1,1,4,4,3,4,4,4,3,3,2,2,2,2,2,1,4,1,4,2,1,1,3,3,4,4,3,3,3,3,4,1,1,1,3,3,1,3,1,3,1,1,3,3,3,4,1,1,2,2,4,4,1,1,2,1,4,4,1,1,2,3,1,1,4,1,2,4,1,4,3,3,1,1,4,4,1,1,1,3,2,2,2,1,1,3,3,1,4,4,3,4,1,1,2,2,1,1,4,4,3,3,1,1,2,2,1,1,1,3,1,3,4,4,4,4,3,3,2,3,4,4,2,2,3,1,3,3,1,3,3,3,1,1,1,1,1,2,1,2,1,2,1,2,2,1,2,2,1,1,2,2,2,1,2,2,2,2,2,3,5,5,3,3,2,2,2,2,5,7,1,2,3,3,2,5,1,2,3,3,1,3,2,3,1,5,5,5,3,3,3,3,1,1,1,1,1,2,1,2,2,2,2,2,1,3,2,3,2,3,4,4,1,1,5,5,1,1,1,3,3,3,3,3,3,3,6,6,4,4,1,3,4,4,7,7,3,3,3,3,1,1,2,2,3,3,3,3,2,3,1,3,2,2,3,3,2,3,2,2,1,3,4,4,2,2,3,3,1,1,3,3,1,3,1,5,1,2,1,1,1,1,1,1,4,4,1,1,1,3,1,3,3,3,3,3,1,4,1,1,3,5,3,4,1,1,1,2,2,2,1,1,1,1,3,3,2,2,1,2,2,2,2,3,1,3,1,1,2,2,4,4,4,4,3,3,2,3,3,4,4,4,1,2,2,2,4,4,3,3,3,3,3,3,2,4,3,3,2,2,1,1,1,1,2,2,1,1,4,4,1,1,1,3,1,3,3,3,3,4,1,2,3,4,2,3,2,3,2,2
"72","M145562",3,4,3,1,1,1,2,1,2,3,1,1,1,1,2,3,1,1,2,1,4,4,1,1,3,1,3,1,2,1,3,3,3,4,4,4,2,1,2,2,4,4,1,1,1,1,2,4,1,1,3,1,3,3,3,4,2,4,3,4,1,1,1,1,2,1,4,1,2,2,1,1,3,3,1,1,1,1,3,3,4,1,1,1,1,1,1,1,1,1,1,1,3,3,3,3,3,3,2,2,1,1,3,1,1,1,1,1,3,3,2,3,1,1,4,1,4,4,4,4,3,1,2,2,2,2,1,1,3,3,2,4,1,1,1,3,3,1,4,4,3,3,2,1,2,1,1,1,4,2,1,3,1,4,2,2,1,3,1,1,3,3,4,4,2,4,1,3,3,3,2,4,2,1,3,1,3,1,1,3,3,3,1,1,1,1,1,2,1,1,1,2,1,2,2,1,1,2,1,1,1,1,1,1,1,4,2,2,3,3,2,5,3,3,1,2,2,2,5,7,2,2,3,3,4,5,1,2,3,3,3,3,1,1,1,5,2,5,3,3,3,3,1,2,1,1,1,1,1,1,2,5,2,3,1,1,3,3,3,3,2,4,1,1,5,5,1,1,1,1,2,3,2,2,3,3,6,6,1,4,1,2,4,4,3,6,3,3,3,3,1,1,4,6,3,3,3,3,2,3,3,3,1,2,2,3,2,3,2,2,3,3,4,4,2,2,3,3,3,3,3,3,2,3,4,5,4,6,1,1,1,2,1,4,4,4,1,1,1,3,1,3,2,3,3,3,4,4,1,1,2,3,3,4,1,1,2,2,2,2,1,3,1,2,3,3,1,1,2,3,2,2,2,3,1,1,1,1,2,2,4,4,4,4,3,3,2,2,3,4,4,6,2,2,2,2,4,5,3,3,3,3,2,3,2,3,3,3,2,2,1,4,1,2,2,5,1,1,4,4,1,1,4,4,3,3,3,3,4,5,1,2,3,5,4,4,2,2,1,2
"73","M145563",3,3,3,3,1,1,1,1,2,3,1,3,1,1,3,3,1,1,2,2,1,1,1,3,1,1,3,3,2,2,1,1,3,3,4,4,2,2,2,4,4,4,4,1,1,1,2,2,4,1,1,1,3,3,3,4,2,2,4,4,1,1,2,2,2,1,4,1,2,2,1,3,3,3,1,1,1,3,3,3,1,1,1,1,3,3,1,1,1,3,1,1,3,3,3,3,3,1,2,2,1,1,3,1,2,2,1,1,1,1,2,3,3,1,1,1,2,4,1,1,3,3,2,2,2,4,1,1,1,1,4,4,0,0,3,3,1,1,4,4,4,4,2,2,2,2,1,1,4,4,1,1,1,1,2,2,1,3,1,1,3,3,4,4,4,4,3,3,3,3,4,4,2,2,3,3,3,1,1,3,3,3,1,1,1,1,1,1,1,1,2,2,2,2,2,2,2,2,1,1,1,1,1,1,1,2,2,2,3,3,4,5,3,3,2,2,2,2,7,7,2,2,3,3,5,5,1,1,3,3,1,3,1,2,5,5,5,5,3,3,3,3,1,2,1,1,2,2,1,2,2,2,2,2,1,1,2,3,2,2,4,4,1,1,5,5,1,1,3,3,2,3,2,2,3,3,5,5,3,4,1,1,4,4,3,3,3,3,3,3,1,1,4,4,3,3,3,3,3,3,1,1,1,3,4,4,1,2,1,2,3,3,4,4,2,2,3,3,3,3,3,3,1,3,4,4,6,6,1,1,1,1,1,1,4,4,1,2,3,3,1,1,3,3,3,3,5,5,1,1,3,3,4,4,1,1,1,1,2,2,1,1,2,2,1,1,1,2,2,2,2,2,2,3,1,1,1,1,2,2,4,4,4,5,3,3,2,2,3,4,4,6,2,2,2,2,4,4,1,3,2,3,2,3,2,2,1,3,2,2,1,1,2,2,2,5,1,1,4,4,1,2,3,4,1,3,3,3,3,5,2,2,4,4,4,4,2,2,2,2
"74","M145564",4,4,3,3,4,4,2,2,2,2,1,1,2,1,2,2,1,1,2,2,0,0,1,1,1,1,3,1,2,2,3,1,3,3,4,2,2,2,2,4,1,4,1,1,1,1,2,2,4,4,3,1,3,3,3,3,0,0,3,3,2,2,2,2,2,2,1,1,2,2,1,3,3,1,1,1,1,1,1,3,4,1,1,1,3,3,1,3,1,3,0,0,3,1,3,4,3,3,2,2,1,1,3,1,2,2,4,4,1,1,2,2,1,1,4,1,2,4,1,4,3,3,2,1,4,4,1,1,3,3,4,4,0,0,3,3,3,1,4,4,4,4,1,1,2,2,0,0,2,2,1,3,4,4,2,3,3,3,1,1,1,3,4,1,2,4,3,3,3,3,4,4,2,1,3,1,3,3,1,3,3,3,1,2,1,1,1,1,2,2,2,2,2,2,2,2,2,2,1,1,4,3,2,2,2,2,2,2,3,3,5,5,1,3,2,2,2,2,2,5,1,2,3,3,2,5,1,2,3,3,2,3,3,3,1,5,5,5,2,3,3,3,1,2,1,3,4,4,1,1,2,3,2,2,1,3,2,2,2,4,2,4,1,1,5,5,1,1,1,4,3,3,2,3,3,3,5,6,4,5,1,2,3,4,1,7,3,3,3,3,1,2,1,1,1,3,3,3,2,2,3,3,2,2,4,4,1,2,1,2,1,3,4,4,2,4,4,4,3,3,3,3,3,3,4,4,6,6,1,1,1,1,1,3,4,4,2,2,3,3,1,3,3,3,3,3,4,4,1,1,3,3,3,3,1,1,1,1,2,3,1,1,1,1,3,3,2,2,2,3,2,2,2,3,1,3,1,1,2,2,2,4,4,4,3,3,2,2,4,4,3,3,2,2,2,2,4,4,2,3,1,3,3,3,2,4,3,3,2,2,1,2,2,2,2,2,1,1,4,4,1,2,1,3,3,3,1,3,3,4,1,3,4,4,2,2,2,2,1,2
"75","M145565",3,4,3,3,4,4,2,2,2,2,1,3,2,2,3,3,1,4,2,1,4,4,1,3,3,1,3,3,2,1,3,1,3,3,4,2,2,1,2,4,1,4,4,1,3,1,4,4,4,1,3,1,3,4,3,3,2,4,3,4,2,2,2,2,2,2,4,1,2,2,1,3,3,1,4,1,1,1,3,3,4,1,1,1,1,3,1,3,1,3,1,1,3,1,3,3,3,3,2,2,4,1,3,3,1,1,1,1,1,1,2,2,1,1,4,1,2,4,1,1,3,1,2,1,2,2,1,1,1,1,2,2,2,1,1,3,3,1,4,4,3,3,1,1,2,2,1,1,4,4,3,3,1,1,2,2,1,3,1,1,1,3,4,4,4,4,3,3,2,3,4,4,2,1,3,3,3,1,1,1,1,1,1,1,1,2,1,2,1,1,1,1,1,1,1,1,2,2,1,1,4,2,1,1,1,4,2,2,3,3,5,5,1,2,2,2,2,2,1,2,1,2,3,3,2,5,1,1,1,3,1,3,1,2,1,5,5,5,2,3,3,3,1,1,1,3,1,2,1,1,2,5,2,2,1,1,3,3,3,4,4,4,1,1,5,5,1,1,1,3,2,3,2,3,3,3,5,6,5,5,1,2,3,4,7,7,3,3,3,3,1,1,1,6,3,3,1,3,3,3,1,3,1,1,3,4,2,2,2,2,3,3,4,4,2,5,3,4,2,3,3,3,3,3,4,4,2,6,1,1,2,2,1,1,4,4,2,2,3,3,1,1,3,3,3,3,4,4,1,1,3,3,1,1,1,3,1,1,2,3,1,1,1,2,1,2,2,2,2,3,2,2,2,4,1,1,3,3,2,2,4,4,4,4,3,4,3,3,3,3,4,4,1,2,1,1,4,5,1,3,3,3,3,4,2,3,3,3,2,2,1,2,2,2,2,2,1,1,2,4,1,2,1,4,3,3,4,5,4,4,1,3,4,4,4,4,2,3,2,2
"76","M145566",4,4,3,3,4,1,2,2,2,2,1,1,2,1,2,2,1,1,2,2,1,4,1,3,1,1,3,1,2,1,3,3,3,3,4,4,1,1,2,2,4,4,1,1,0,0,2,4,1,1,3,3,3,4,3,3,2,4,3,3,2,2,2,2,2,2,1,1,2,2,1,1,3,1,4,4,1,1,1,3,4,1,1,1,3,3,3,3,3,3,1,1,3,3,3,3,3,3,2,2,4,4,3,1,1,1,1,1,1,1,2,3,1,1,1,1,4,4,1,4,3,1,2,1,4,4,1,1,1,1,2,4,2,1,1,1,3,1,4,4,3,4,2,1,2,2,2,1,4,4,3,3,1,1,2,3,1,1,1,1,1,3,4,4,4,4,3,3,2,3,4,4,2,2,3,3,3,1,1,3,1,3,1,1,1,2,1,2,1,2,1,2,2,2,2,1,2,2,1,1,3,2,1,1,1,2,2,2,3,3,5,5,3,3,1,2,2,3,1,2,1,2,3,3,2,3,1,2,3,3,3,3,2,3,5,5,5,5,2,2,3,3,1,2,1,1,2,5,1,1,2,2,2,2,1,1,3,3,2,3,2,4,1,3,5,5,1,2,1,3,2,3,3,3,3,3,5,5,4,4,1,2,4,4,7,7,2,3,3,3,1,2,1,6,3,3,1,3,2,2,1,3,2,3,3,4,2,2,2,2,1,3,3,4,1,2,3,4,3,3,2,3,1,3,2,4,2,4,1,2,1,2,1,5,3,4,2,2,3,4,1,1,2,3,3,3,1,4,1,1,3,3,1,3,1,3,1,1,2,3,1,1,1,1,2,3,2,2,2,2,2,2,2,2,1,1,1,1,2,2,2,4,4,4,3,4,2,2,3,3,4,4,1,2,2,2,4,4,1,3,3,3,3,3,2,3,3,3,2,2,1,4,2,2,2,2,1,1,4,4,1,2,4,4,1,3,1,5,3,4,1,2,4,4,4,4,2,3,2,2
"77","M145567",4,4,3,1,1,1,2,1,2,2,1,3,2,1,2,2,1,4,2,2,1,1,1,1,1,1,1,1,2,1,3,1,3,4,4,2,1,1,2,2,4,4,1,1,3,1,2,2,1,1,3,1,4,4,4,4,0,0,3,4,2,1,2,2,2,1,4,4,2,2,1,1,3,1,4,4,1,3,1,3,4,4,2,1,3,3,1,3,1,3,1,1,3,3,3,4,3,1,2,2,4,4,3,1,2,2,4,1,3,3,2,3,3,3,4,1,4,4,1,4,3,1,1,1,4,4,1,1,1,3,2,2,2,1,1,3,1,1,4,4,4,4,2,1,1,1,1,1,4,4,1,3,1,1,2,2,3,3,1,3,1,3,4,4,2,4,1,3,2,2,4,4,2,2,3,1,3,1,1,1,0,0,1,1,1,1,2,2,1,1,1,1,1,1,1,1,1,2,1,1,2,2,2,1,2,3,2,2,0,0,5,5,3,3,2,2,2,2,1,7,2,2,3,3,1,2,1,2,3,3,3,3,3,3,1,1,2,5,1,3,3,3,1,1,1,1,1,2,1,2,2,2,2,2,1,3,3,3,2,3,3,4,1,1,5,5,1,2,1,3,3,3,2,2,3,3,6,6,4,5,1,2,4,4,7,7,3,3,3,3,1,1,1,2,3,3,3,3,2,2,1,3,3,3,4,4,2,2,1,2,3,3,4,4,2,2,3,4,1,1,3,3,3,3,1,2,4,4,1,2,1,1,1,5,4,4,1,2,1,3,1,1,2,3,3,3,4,4,1,1,3,3,3,3,1,1,1,1,2,2,1,1,1,1,1,3,2,2,1,5,2,2,2,3,1,1,1,3,2,2,4,4,4,5,3,3,2,3,3,3,3,4,2,2,2,2,4,4,3,3,3,3,2,3,2,4,3,3,2,2,1,2,1,2,2,2,1,1,3,4,1,1,3,4,1,3,3,3,4,5,1,1,4,5,3,4,2,4,2,2
"78","M145568",4,4,3,3,4,4,2,1,2,2,1,1,2,2,3,3,1,1,2,2,1,4,1,1,1,1,3,1,1,1,1,1,3,4,4,2,1,1,2,4,1,4,1,1,1,1,2,4,4,4,3,1,3,4,3,3,0,0,3,4,2,1,2,1,2,2,1,1,2,2,3,3,3,1,1,1,1,3,3,3,1,1,1,1,3,3,1,3,3,3,3,1,3,3,3,4,3,3,2,2,4,1,3,1,1,1,4,1,1,3,2,3,3,1,4,1,2,2,4,4,3,3,2,1,4,4,1,1,1,3,4,4,2,1,1,3,1,1,4,4,3,4,2,1,2,2,1,1,2,2,3,3,1,1,2,3,1,3,1,3,1,3,4,4,2,4,3,3,3,3,4,4,2,2,3,1,3,1,1,1,3,3,1,1,1,1,2,2,1,1,1,1,1,1,1,1,2,2,1,1,4,3,1,1,4,4,2,3,2,3,5,5,3,3,2,2,2,3,1,7,1,2,3,3,2,5,1,2,3,3,3,3,1,2,1,4,2,2,3,3,1,1,1,2,1,1,1,2,2,2,2,5,2,2,1,3,2,2,3,4,4,4,1,1,5,5,1,2,1,1,3,3,2,2,2,3,5,6,1,5,2,3,4,4,7,7,3,3,3,3,1,1,1,2,3,3,1,3,2,2,1,3,3,3,3,4,2,3,2,2,1,1,4,4,2,5,3,4,1,3,3,3,3,3,1,5,1,4,1,2,1,2,3,5,1,4,1,1,1,2,1,1,2,3,1,1,4,4,1,1,3,3,3,3,1,1,1,1,2,2,1,2,1,1,3,3,1,2,2,3,2,2,3,3,1,1,1,2,2,2,3,4,4,4,3,3,2,2,3,4,3,4,2,2,1,2,4,5,3,3,3,3,2,2,2,2,3,3,2,2,2,2,2,2,2,2,1,1,4,4,2,2,3,4,2,3,1,5,3,4,1,2,5,5,4,4,2,2,1,2
"79","M145569",4,4,3,3,4,1,2,2,2,3,1,1,2,1,2,3,1,4,2,2,0,0,1,3,3,1,3,1,2,1,3,3,3,3,4,4,1,1,2,2,1,4,4,4,1,1,4,4,4,1,3,3,3,4,3,3,2,4,4,4,2,2,2,2,2,1,4,1,2,2,1,3,3,3,4,1,1,3,1,3,1,1,1,1,1,3,1,3,3,3,1,1,3,1,4,4,3,3,2,2,4,1,3,3,1,1,4,4,1,3,2,3,1,1,4,1,2,4,1,4,3,3,1,1,2,4,1,1,3,3,2,4,2,1,1,1,3,1,4,2,3,4,2,2,2,2,1,1,4,4,3,3,1,1,2,3,1,1,1,1,1,3,4,4,4,4,1,3,3,3,2,4,2,1,3,3,3,3,1,3,3,3,1,1,1,1,1,1,1,1,1,2,1,2,2,1,2,2,1,1,2,2,1,1,4,4,2,2,3,4,4,5,3,3,1,2,3,3,2,7,1,1,3,5,2,5,1,1,3,3,2,3,1,3,1,1,3,5,3,3,2,3,1,2,1,1,2,2,1,2,2,2,1,2,1,3,2,2,3,4,4,4,1,1,2,5,1,2,3,4,3,3,2,2,2,3,5,6,1,4,2,3,4,4,1,1,3,3,2,3,1,1,1,1,3,3,3,3,2,2,1,4,2,2,2,4,2,2,1,2,3,4,3,4,2,4,3,3,1,3,3,3,1,3,3,4,2,6,1,1,1,2,1,3,3,4,2,2,2,3,1,3,3,3,3,3,4,4,1,1,3,3,1,3,1,1,1,1,2,2,1,2,1,1,3,3,2,2,1,2,2,2,2,3,1,1,3,3,2,2,2,2,1,4,2,3,2,2,3,3,4,6,1,2,1,2,4,4,1,3,1,3,3,3,2,2,1,3,2,2,1,3,2,2,2,4,1,2,4,4,1,1,1,4,3,3,3,4,3,3,1,2,3,4,2,2,2,2,2,2
"80","M145570",4,4,3,3,4,4,2,2,2,2,1,3,1,1,3,3,1,1,2,2,4,4,1,3,3,1,3,1,1,1,0,0,3,3,4,2,2,1,2,4,4,4,1,1,1,1,2,4,4,1,3,3,3,3,3,4,2,4,3,4,2,1,2,2,2,2,1,1,2,2,1,1,3,3,1,1,1,1,1,3,4,4,1,1,3,3,3,3,1,3,1,1,3,1,3,4,3,1,2,2,4,1,3,3,1,1,4,4,1,1,2,3,1,1,4,1,4,4,1,4,3,1,2,2,2,4,1,1,1,3,2,2,2,1,1,1,1,1,4,4,3,4,1,1,2,2,1,1,4,4,3,3,1,1,2,3,1,1,1,1,1,1,4,4,4,4,3,3,2,3,4,4,2,2,3,3,3,3,1,1,1,3,1,1,1,1,1,2,2,2,1,2,1,2,2,1,2,2,1,1,3,2,2,1,1,4,2,2,3,3,5,5,1,3,1,2,2,3,2,2,2,2,3,3,2,5,1,1,3,3,3,3,2,3,1,5,3,5,2,2,2,3,1,1,1,1,1,2,1,2,2,2,2,2,1,3,2,3,3,3,4,4,1,1,5,5,1,1,1,3,2,2,2,3,2,3,5,5,4,5,2,2,3,3,4,7,2,3,3,3,1,1,1,6,3,3,3,3,3,3,1,3,2,2,4,4,2,2,2,2,3,3,3,4,1,5,3,3,2,2,2,3,1,3,2,4,2,4,1,2,1,2,1,1,4,4,1,2,1,3,1,1,3,3,3,3,4,4,1,1,3,3,3,3,3,3,1,1,2,3,1,1,1,2,1,2,2,2,2,2,2,2,3,4,1,2,1,3,2,2,2,4,4,4,3,3,2,2,3,3,3,4,1,2,1,2,4,5,3,3,3,3,3,3,4,4,3,3,2,2,1,4,2,2,2,2,1,1,4,4,1,2,4,4,2,3,5,5,2,4,1,2,4,4,3,4,2,2,1,2
"81","M145571",3,4,3,1,4,4,2,2,2,2,1,1,2,2,2,3,1,1,2,1,4,4,1,1,1,1,3,1,1,1,3,1,3,3,4,4,1,1,2,2,1,4,4,1,3,3,4,4,4,1,3,3,3,3,3,3,2,2,3,4,2,2,2,2,2,2,4,1,2,2,1,3,3,3,1,1,1,3,3,3,4,1,1,1,1,3,1,3,1,3,1,1,3,1,3,4,1,1,2,2,4,1,3,3,2,1,4,1,1,1,2,2,1,1,4,1,2,4,1,4,1,1,2,1,2,2,1,1,3,3,2,2,2,1,1,3,1,1,4,4,3,3,1,1,2,2,1,1,4,4,1,3,1,1,2,2,1,1,1,1,1,3,4,4,4,4,3,3,2,3,4,4,2,1,3,3,3,1,1,3,1,1,1,1,1,2,1,2,1,1,1,1,1,2,1,1,2,2,1,1,1,4,1,1,1,2,2,2,3,3,5,5,2,3,1,2,2,3,2,2,2,2,3,3,2,2,1,1,1,3,1,3,1,2,1,5,5,5,2,3,3,3,1,1,1,1,1,1,1,1,2,5,2,2,1,1,3,3,2,4,4,4,1,1,3,5,1,1,1,3,2,3,2,3,3,3,5,6,4,5,2,3,3,4,7,7,3,3,3,3,1,1,1,6,3,3,1,3,3,3,1,3,2,2,3,4,2,3,2,2,3,3,4,4,2,5,3,4,1,3,2,3,3,3,4,4,2,6,1,1,2,2,1,5,4,4,1,2,3,3,1,1,3,3,3,3,4,5,1,1,3,3,1,3,1,3,1,1,2,3,1,3,1,2,2,3,2,2,2,5,2,2,2,4,1,1,1,1,2,2,4,4,4,4,3,4,3,3,3,3,4,4,1,2,2,2,2,5,3,3,3,3,3,3,2,4,1,3,2,3,1,2,2,2,2,2,1,1,2,4,1,2,1,4,2,3,1,4,4,4,3,3,4,4,4,4,2,2,2,2
"82","M145572",3,4,3,1,4,4,2,2,2,2,1,3,2,2,2,2,1,4,2,1,4,4,1,3,3,1,3,1,2,1,3,3,3,3,4,2,2,1,2,4,1,4,4,1,3,3,2,4,4,1,3,3,3,3,3,3,2,4,3,4,2,2,2,2,2,2,4,1,2,2,1,3,3,3,4,1,1,1,3,3,4,1,1,1,1,3,1,3,1,3,1,1,3,1,3,4,1,1,2,2,4,1,3,3,2,1,4,1,1,1,2,2,1,1,4,1,2,4,4,4,3,1,2,1,2,4,1,1,3,3,2,2,0,0,3,3,1,1,4,4,3,3,1,1,2,2,1,1,4,4,1,3,1,1,2,2,1,3,1,1,1,3,4,4,4,4,3,3,2,3,4,4,2,1,3,3,3,1,3,3,1,3,1,1,2,2,1,2,1,1,1,1,1,2,1,1,2,2,1,1,2,2,1,1,1,2,2,2,3,3,5,5,3,3,2,2,2,2,1,2,2,2,3,3,2,5,1,1,1,3,3,3,1,3,1,5,5,5,2,3,3,3,1,2,1,1,1,2,1,1,2,5,2,2,1,3,3,3,3,3,4,4,1,1,3,5,1,1,1,3,2,3,2,3,3,3,5,6,5,5,2,3,3,4,7,7,3,3,3,3,1,1,1,6,3,3,3,3,3,3,1,3,1,1,3,4,2,3,2,2,3,3,4,4,2,5,3,4,2,3,2,3,3,3,4,7,2,4,1,1,1,2,1,1,4,4,2,2,3,3,1,1,3,3,3,3,4,5,1,1,3,3,1,1,1,3,1,1,2,3,1,3,1,2,1,2,2,2,2,5,2,2,2,2,1,1,3,3,2,2,4,4,4,4,3,4,3,3,3,3,4,4,2,2,1,1,2,5,1,3,3,3,3,4,2,2,3,3,2,3,1,2,2,2,2,2,1,1,2,4,1,1,1,4,2,3,4,5,3,4,1,2,4,4,4,4,2,2,1,2
"83","M145573",3,4,3,1,4,1,2,2,2,3,1,3,2,1,0,0,1,1,2,2,4,4,3,3,1,1,3,1,2,1,3,3,3,3,4,2,2,1,2,4,4,4,1,1,0,0,2,4,4,1,3,3,3,4,3,3,2,4,3,4,2,1,2,2,2,1,1,1,0,0,1,1,3,3,1,1,1,3,3,3,1,1,1,1,1,3,1,3,1,3,1,1,3,1,3,3,3,3,2,2,4,1,1,1,2,2,4,1,3,3,2,3,3,1,1,1,2,4,1,4,3,1,2,1,2,4,1,1,3,3,2,4,1,1,3,3,3,1,4,4,3,4,2,2,2,2,2,1,4,4,1,1,1,1,2,3,1,3,1,1,3,3,4,4,2,4,3,3,3,3,2,4,2,1,3,1,3,3,1,3,1,1,1,1,1,1,1,2,1,1,1,2,1,2,2,1,1,2,1,1,1,1,1,1,2,4,2,2,3,3,4,4,3,3,2,2,2,2,1,7,2,2,3,3,5,5,1,1,3,3,1,3,1,1,1,5,5,5,3,3,3,3,1,2,1,1,2,5,2,2,2,2,2,2,1,3,3,3,3,3,2,4,1,2,5,5,1,2,3,4,2,3,2,2,3,3,5,5,4,4,1,2,4,4,1,1,2,3,2,3,1,1,1,4,3,3,3,3,0,0,1,3,2,3,4,4,1,2,1,2,1,1,2,4,1,2,3,3,3,3,3,3,2,2,4,5,4,6,1,1,1,2,1,1,4,4,1,1,1,3,3,3,2,3,1,3,4,4,1,1,3,5,3,4,1,3,1,2,2,2,1,3,1,2,3,3,1,2,2,3,2,2,2,4,1,1,1,1,2,2,2,2,4,4,3,4,2,2,3,5,4,6,2,2,2,2,4,4,1,3,3,3,2,2,2,3,3,3,2,2,1,1,2,2,2,2,1,1,2,4,1,1,1,4,1,3,1,4,4,5,1,2,4,4,4,4,2,3,2,2
"84","M145574",3,4,3,1,4,4,2,2,2,2,1,1,2,1,2,2,1,1,2,2,4,4,1,3,3,1,1,1,1,1,0,0,3,3,4,2,2,2,2,4,1,4,1,1,3,1,2,4,4,1,3,3,3,3,3,3,2,4,3,4,2,1,2,1,2,2,1,1,2,2,1,1,3,1,4,1,1,1,1,3,4,1,1,1,3,3,3,3,1,3,1,1,3,1,3,4,3,1,2,2,4,1,3,3,1,1,4,4,1,1,2,3,1,1,4,1,2,4,1,4,3,1,1,1,2,4,1,1,1,3,2,4,0,0,1,1,3,1,4,4,3,4,2,1,2,2,1,1,4,4,3,3,1,4,2,3,1,1,1,3,1,3,4,4,4,4,3,3,2,2,4,4,2,1,3,3,3,1,1,1,1,1,1,2,1,1,1,1,1,1,1,2,2,2,2,1,2,2,1,1,1,3,2,1,1,4,2,2,3,3,5,5,3,3,1,2,2,3,2,2,1,2,3,3,2,5,1,1,2,3,3,3,2,3,1,5,3,5,2,2,2,3,1,1,1,1,1,2,1,1,2,2,2,2,1,3,2,3,2,3,4,4,1,1,5,5,1,1,1,3,2,3,3,3,3,3,5,6,4,5,2,2,3,3,4,7,3,3,3,3,1,1,1,6,3,3,3,3,2,3,1,3,2,2,4,4,2,2,2,2,3,3,3,4,5,5,3,3,2,3,2,3,3,3,1,4,2,6,1,1,1,2,1,1,4,4,1,2,1,3,1,1,3,3,3,3,4,4,1,1,3,3,1,3,1,3,1,1,2,3,1,1,1,2,1,2,2,2,2,2,2,2,2,3,1,2,1,3,2,2,2,4,4,4,3,3,2,2,3,3,3,4,2,2,1,2,4,5,1,3,3,3,3,4,2,4,3,3,2,2,1,1,2,2,2,2,1,1,2,4,2,2,4,4,3,3,5,5,2,4,2,3,4,4,3,4,2,3,2,2
"85","M145575",0,0,3,1,4,4,2,1,0,0,0,0,2,1,2,3,1,1,2,2,1,4,0,0,3,1,3,1,0,0,3,1,3,4,0,0,2,1,0,0,1,4,4,1,3,1,0,0,0,0,3,1,0,0,3,3,0,0,0,0,0,0,2,1,0,0,1,1,0,0,1,1,3,3,1,1,1,1,1,3,4,1,1,1,0,0,3,3,0,0,1,1,0,0,0,0,3,1,2,2,0,0,0,0,2,1,0,0,1,3,2,3,1,1,4,1,0,0,4,4,0,0,2,1,0,0,1,1,3,3,2,4,1,1,3,3,0,0,4,4,3,4,2,1,2,1,2,2,4,4,1,3,1,1,0,0,1,3,1,1,1,3,4,4,0,0,3,3,0,0,0,0,2,1,3,3,3,3,1,3,1,3,1,1,1,1,2,2,1,2,1,2,1,2,2,1,2,2,1,1,3,2,2,1,1,1,2,2,3,3,5,5,3,3,1,2,2,2,2,2,1,2,4,5,4,5,1,1,3,3,3,3,3,3,1,5,2,5,2,2,3,3,1,1,1,1,1,2,1,1,2,2,2,2,1,2,2,2,3,3,4,4,1,1,5,5,1,1,1,1,2,3,3,3,3,3,5,6,4,4,2,3,4,4,7,7,3,3,3,3,1,2,1,6,3,3,3,3,2,3,1,3,2,2,3,4,2,3,2,2,3,3,4,4,5,5,3,3,1,3,2,3,3,3,2,2,4,6,1,2,2,2,1,3,1,4,2,2,1,1,1,3,3,3,1,3,4,4,1,2,2,3,1,3,1,3,1,1,2,2,1,1,1,1,1,3,2,2,2,2,2,2,3,3,1,2,1,3,2,2,3,4,4,4,3,3,2,3,3,3,2,4,2,2,2,2,4,4,3,3,1,3,3,3,3,4,3,3,2,2,3,4,1,2,2,2,1,1,1,4,1,2,4,4,2,2,1,5,4,5,1,3,4,5,2,3,2,3,2,2
"86","M145576",3,4,3,3,1,1,2,2,2,2,3,3,2,1,2,2,1,1,2,2,1,1,1,3,3,1,3,1,2,1,3,1,3,4,2,2,1,1,2,4,4,4,1,1,1,1,2,2,4,4,1,1,4,4,3,4,2,4,3,4,2,2,2,2,2,2,4,1,2,2,1,3,3,1,4,1,1,1,1,1,4,4,1,1,3,3,1,3,1,3,1,1,3,3,3,4,1,1,2,2,4,1,1,1,2,2,4,1,1,3,3,3,3,3,4,1,4,4,4,4,3,1,1,1,4,4,2,1,1,3,2,4,2,1,1,3,3,3,4,4,4,4,1,1,1,1,1,1,4,4,3,3,1,1,2,2,1,1,1,3,1,3,4,4,4,4,1,3,2,3,4,4,2,1,3,1,3,1,1,1,3,3,1,1,1,1,2,2,2,2,2,2,1,2,2,1,2,2,1,1,3,2,2,2,2,4,1,2,3,3,5,5,3,3,2,2,2,3,2,5,2,2,3,3,2,5,1,1,3,3,3,3,1,3,1,5,5,5,3,3,3,3,1,2,1,1,1,2,2,2,2,5,2,2,1,3,3,3,2,2,4,4,1,1,5,5,1,2,1,3,2,3,2,3,3,3,5,6,4,4,2,3,4,4,7,7,3,3,3,3,1,1,1,2,3,3,3,3,2,3,3,4,2,3,3,3,1,3,1,2,3,3,4,4,2,2,3,4,1,1,3,3,1,3,2,4,4,4,1,2,1,2,1,1,4,4,1,2,3,5,1,1,3,3,3,3,4,4,1,2,3,3,1,4,1,3,2,2,2,2,1,1,1,1,1,3,2,2,1,2,2,2,2,2,1,1,1,1,2,2,4,4,4,5,3,3,2,3,3,3,4,6,2,2,2,2,4,4,3,3,3,3,3,3,2,4,3,3,2,2,1,1,1,2,2,2,1,1,2,4,1,2,1,4,1,3,3,3,4,4,1,1,4,5,3,4,2,2,2,2
"87","M145577",3,4,3,1,4,1,2,2,2,3,3,3,1,1,2,3,1,4,2,2,1,1,1,1,1,1,3,1,1,1,1,1,3,4,4,4,1,1,2,2,4,4,1,1,1,1,2,4,4,1,3,3,3,4,4,4,2,4,3,4,1,1,2,1,2,2,4,1,2,2,1,1,3,1,4,1,1,3,3,3,1,1,1,1,3,3,1,1,1,3,1,1,3,3,3,4,3,3,2,2,1,1,1,1,1,1,4,1,1,3,2,2,3,1,4,1,4,4,1,4,3,1,2,1,2,4,1,1,1,3,2,4,1,1,3,3,1,1,4,4,3,4,2,2,2,1,1,1,4,2,1,3,1,1,2,3,1,3,1,1,1,3,4,4,2,4,3,3,2,3,2,4,2,1,3,1,3,1,3,3,3,3,0,0,1,1,1,2,1,2,1,1,1,1,0,0,2,2,1,1,0,0,1,1,0,0,2,2,0,0,0,0,0,0,0,0,0,0,0,0,2,2,0,0,0,0,0,0,0,0,0,0,0,0,0,0,0,0,0,0,0,0,0,0,0,0,0,0,0,0,0,0,0,0,0,0,0,0,0,0,0,0,0,0,0,0,0,0,1,1,0,0,0,0,0,0,0,0,0,0,0,0,0,0,0,0,3,3,0,0,0,0,0,0,0,0,0,0,0,0,0,0,0,0,0,0,0,0,0,0,0,0,0,0,0,0,0,0,0,0,0,0,0,0,0,0,0,0,0,0,0,0,0,0,0,0,0,0,0,0,0,0,0,0,0,0,0,0,1,1,0,0,0,0,0,0,0,0,0,0,0,0,0,0,0,0,0,0,0,0,0,0,0,0,0,0,1,1,0,0,0,0,0,0,0,0,0,0,0,0,0,0,0,0,0,0,0,0,0,0,0,0,0,0,0,0,0,0,0,0,0,0,0,0,0,0,0,0,0,0,0,0,3,3,0,0,0,0,0,0,0,0,0,0,0,0,0,0,0,0
"88","M145578",3,4,3,3,4,4,2,2,2,2,1,3,2,2,2,2,1,4,2,1,4,4,1,3,3,1,3,3,2,1,3,1,3,3,4,4,1,1,2,4,1,4,1,1,3,3,2,2,1,1,3,1,3,3,3,3,2,4,3,4,2,2,2,2,2,2,1,1,2,2,1,3,3,1,4,1,1,1,3,3,4,1,1,1,1,3,1,3,1,3,1,1,3,3,3,4,1,1,2,2,4,1,3,1,2,1,1,1,1,1,2,2,1,1,4,1,2,4,1,4,3,1,2,1,2,4,1,1,1,3,2,2,2,1,1,3,3,1,4,4,3,4,1,1,2,2,1,1,4,4,3,3,1,1,2,2,1,3,1,1,1,3,4,4,4,4,3,3,3,3,4,4,2,1,3,3,3,1,1,1,3,3,1,1,1,2,1,2,1,1,1,2,2,2,2,1,2,2,1,1,4,2,1,1,1,4,2,2,3,3,5,5,3,3,2,2,2,2,1,2,1,2,3,3,2,2,1,1,1,3,1,3,2,2,1,5,5,5,2,3,3,3,1,1,1,3,1,2,1,2,2,5,2,2,3,3,3,3,3,4,4,4,1,3,5,5,1,1,1,3,2,3,2,3,3,3,5,5,5,5,1,2,3,4,7,7,2,3,3,3,1,1,1,6,3,3,3,3,2,3,1,1,1,2,3,4,2,3,2,2,3,3,4,4,2,5,3,4,1,3,3,3,1,3,4,4,2,6,1,1,1,2,1,5,4,4,2,2,3,3,1,1,3,3,3,3,4,4,1,1,3,3,1,1,1,3,1,1,2,3,1,3,1,1,1,3,2,2,2,5,2,2,2,2,1,2,1,3,2,2,4,4,4,4,3,4,3,3,3,3,4,4,2,2,2,2,4,5,3,3,3,3,3,4,2,2,3,3,2,2,1,2,2,2,2,2,1,1,2,4,1,2,1,4,3,3,1,4,4,4,1,3,4,4,4,4,2,2,1,2
"89","M145579",4,4,3,1,4,1,2,2,2,3,1,1,2,1,2,3,1,1,2,2,1,1,1,1,1,1,3,1,2,1,3,1,4,4,4,2,2,1,2,2,4,4,4,1,1,1,2,4,4,1,1,1,3,3,3,3,2,2,3,3,1,1,2,2,2,2,1,1,2,2,1,3,3,1,1,1,1,1,3,3,1,1,1,1,1,3,1,3,3,3,1,1,3,1,3,4,3,1,2,2,0,0,3,1,1,1,1,1,1,3,2,2,1,1,4,4,4,4,4,4,3,3,1,1,4,4,2,1,1,1,2,4,2,1,3,3,3,1,4,4,3,4,2,1,2,2,1,1,4,4,3,3,1,1,2,3,3,3,3,3,1,3,4,4,2,4,1,3,2,3,2,2,1,1,3,1,1,1,1,1,1,3,1,2,1,1,1,2,1,2,1,1,1,1,1,1,2,2,1,1,2,2,2,2,3,3,2,3,3,3,4,5,3,3,2,2,2,2,1,7,1,2,3,3,3,5,1,1,3,3,3,3,2,3,1,5,2,2,3,3,3,3,2,2,1,2,1,4,1,2,2,3,2,2,1,1,2,3,3,4,2,4,1,1,5,5,1,1,4,4,2,3,3,3,3,3,5,6,4,5,1,3,4,4,7,7,3,3,3,3,1,1,1,4,3,3,3,3,3,3,1,1,2,3,2,2,2,2,1,1,1,1,4,4,2,4,3,4,1,1,3,3,1,1,4,5,1,6,1,1,1,1,3,4,4,4,2,2,1,1,1,3,2,3,1,3,4,4,1,1,1,3,1,3,1,1,1,1,2,2,1,1,1,1,3,3,2,2,2,2,2,2,2,3,1,1,1,2,2,2,4,4,1,4,3,3,2,3,3,3,4,4,1,2,2,2,4,4,1,1,2,3,3,3,2,3,3,3,2,2,1,1,2,2,2,2,1,3,4,4,2,2,2,4,2,3,3,5,4,4,1,2,4,4,2,3,2,2,2,2
"90","M145580",3,4,3,1,4,4,2,2,2,2,1,1,2,2,2,2,1,1,2,2,1,4,1,1,3,1,3,1,2,1,1,1,3,3,4,4,2,1,2,2,1,4,4,1,3,3,2,2,4,4,3,1,3,4,3,3,2,2,3,4,2,2,2,2,2,2,1,1,2,2,1,3,3,1,4,4,1,1,1,3,4,4,1,1,3,3,3,3,3,3,3,1,3,1,3,3,3,1,2,2,4,1,3,3,1,1,4,4,1,1,2,3,1,1,4,1,4,4,1,1,3,1,2,1,2,4,1,1,1,3,2,4,2,1,3,3,3,1,4,4,3,4,2,1,2,2,2,1,4,4,3,3,1,1,2,2,1,1,1,1,1,3,4,4,4,4,3,3,2,3,4,4,2,2,3,3,3,1,1,3,1,3,1,2,1,1,1,2,1,2,1,1,1,2,1,1,2,2,1,1,2,2,2,1,1,4,1,2,3,3,5,5,1,2,2,2,2,2,1,2,2,2,3,3,2,2,1,1,3,3,1,3,2,3,5,5,5,5,2,3,1,3,1,1,1,3,1,2,1,1,2,2,2,2,1,1,2,3,2,3,2,4,1,1,5,5,1,1,1,3,2,3,2,3,3,3,5,5,4,4,2,2,3,4,7,7,3,4,3,3,1,1,1,6,3,3,1,3,2,3,1,3,2,2,3,4,2,2,1,2,3,3,4,4,2,5,3,3,1,2,2,3,1,3,4,4,1,2,1,1,2,2,1,5,4,4,1,1,3,3,1,3,2,3,1,3,4,5,1,1,3,3,1,3,1,3,1,2,2,3,1,1,1,2,1,2,2,2,2,5,2,2,2,2,1,1,1,3,1,2,4,4,4,4,4,4,0,0,3,3,4,4,1,1,1,2,4,4,1,1,3,3,2,4,3,4,3,3,2,2,1,2,2,2,2,2,1,1,2,4,1,1,4,4,3,3,1,6,3,4,3,3,4,4,3,4,2,2,2,2
"91","M145581",4,4,3,1,4,4,2,2,2,2,1,3,1,1,2,3,1,1,2,2,1,4,1,1,3,1,1,1,1,1,3,1,3,3,4,2,2,1,2,4,1,4,1,1,3,1,2,4,4,1,3,3,3,3,3,4,2,4,3,4,2,1,2,1,2,2,1,1,2,2,1,1,3,1,4,1,1,1,1,1,4,4,1,1,3,3,3,3,3,3,1,1,3,1,3,4,3,1,2,2,4,1,3,3,1,1,4,1,1,3,2,3,1,1,4,1,2,4,4,4,3,3,2,2,2,2,1,1,1,3,2,4,2,1,1,3,1,1,4,4,3,4,2,1,2,2,1,1,4,4,3,3,1,4,2,3,1,3,1,1,1,1,4,4,4,4,3,3,2,3,4,4,2,1,3,3,3,1,1,3,1,1,1,2,1,2,1,1,1,1,1,2,2,2,2,1,2,2,1,1,1,3,2,1,1,4,2,2,3,3,5,5,3,3,2,2,2,2,2,2,1,1,3,3,2,5,1,1,2,3,3,3,2,2,1,5,3,5,2,2,3,3,1,1,1,1,1,2,1,2,2,2,2,2,1,3,2,3,2,3,4,4,1,1,5,5,1,1,3,3,2,2,2,3,3,3,5,6,4,4,2,3,3,3,4,7,2,3,3,3,1,1,1,6,3,3,3,3,3,3,1,1,2,2,3,4,2,2,1,2,3,3,3,4,1,5,3,3,2,2,2,3,3,3,2,4,2,4,1,2,1,2,1,1,4,4,2,2,1,3,1,1,3,3,3,4,4,4,1,1,3,3,3,3,1,3,1,1,2,3,1,1,1,1,1,3,2,2,2,2,2,2,2,4,2,2,1,3,2,2,2,4,4,4,3,3,2,2,3,3,3,4,2,2,1,2,4,5,3,3,3,3,3,3,2,4,3,3,2,2,1,1,2,2,2,2,1,1,2,4,1,2,4,4,3,3,1,5,2,4,2,3,3,4,3,4,2,3,1,2
"92","M145582",3,4,3,1,4,4,2,2,2,2,1,1,2,1,2,2,1,4,2,2,4,4,1,3,1,1,3,1,2,1,3,1,0,0,4,4,1,1,2,4,4,4,4,1,3,3,2,4,1,1,3,1,3,3,3,3,2,2,3,4,2,2,2,2,2,2,4,1,2,2,1,3,3,3,4,1,1,3,1,3,4,4,1,1,3,3,1,3,1,3,1,1,3,1,3,4,1,1,2,2,4,1,3,3,2,1,4,1,1,1,2,2,1,1,1,1,2,4,1,4,3,1,2,1,2,2,1,1,1,1,2,2,2,2,1,3,1,1,4,4,3,4,1,1,2,2,1,1,4,4,3,3,1,4,2,2,1,3,1,1,1,3,4,4,4,4,3,3,2,3,4,4,2,1,3,3,3,1,1,1,3,3,1,1,1,2,1,2,1,1,1,1,1,2,1,1,2,2,1,1,1,4,1,1,1,4,2,2,3,3,3,5,1,3,1,2,2,3,1,2,1,2,3,3,2,2,1,1,1,3,1,3,1,2,1,5,5,5,2,3,3,3,1,1,1,3,1,1,1,2,2,5,2,2,1,3,3,3,2,3,4,4,1,1,3,5,1,1,1,3,2,2,2,3,2,3,5,6,4,5,1,2,3,4,7,7,2,3,3,3,1,1,1,6,3,3,3,3,2,3,1,1,1,2,3,4,2,2,2,2,3,3,4,4,1,2,3,4,1,3,2,3,3,3,4,4,2,6,1,1,1,2,1,5,4,4,1,1,3,3,1,1,3,3,3,3,4,4,1,1,3,3,1,3,1,3,1,1,2,3,1,1,1,2,1,3,2,2,2,3,2,2,2,4,1,1,1,1,2,2,4,4,4,4,3,4,3,3,3,3,4,4,1,2,2,2,4,4,3,3,3,3,3,3,2,4,3,3,2,2,1,2,2,2,2,2,1,1,2,4,1,2,1,4,2,3,1,4,4,4,3,3,4,4,4,4,2,3,1,2
"93","M145583",3,4,3,1,4,1,2,2,2,2,1,3,2,1,2,2,4,4,2,2,1,1,1,1,3,1,3,1,1,1,3,1,3,3,4,4,1,1,4,4,4,4,4,1,0,0,4,4,4,4,3,1,3,4,3,3,4,4,4,4,2,1,2,2,2,2,1,1,2,2,1,3,3,1,4,1,1,3,3,3,4,1,1,1,1,3,3,3,3,3,3,1,3,3,3,3,3,1,2,2,4,4,1,1,2,2,4,1,1,3,3,3,3,1,4,4,4,4,4,4,3,1,2,1,2,4,1,1,1,3,2,4,0,0,1,1,1,1,4,4,3,4,1,1,2,1,0,0,4,2,1,3,1,1,2,2,1,3,1,1,1,3,4,1,4,4,3,3,3,3,2,4,2,2,3,1,3,1,1,3,3,3,1,1,1,2,2,2,1,1,1,1,1,1,1,1,2,2,1,1,3,2,2,1,2,4,2,2,3,3,5,5,2,3,1,2,2,2,7,7,1,2,3,3,3,3,1,1,2,3,3,3,3,3,1,5,5,5,2,3,2,3,1,1,1,1,1,1,1,2,2,2,2,2,1,3,3,3,4,4,4,4,1,1,5,5,1,1,1,3,3,3,1,2,3,3,4,5,4,4,2,3,4,4,7,7,3,4,3,3,1,1,1,3,1,3,3,3,2,2,1,3,2,2,3,4,2,2,2,2,1,4,4,4,1,2,3,4,3,3,3,3,3,3,4,4,6,6,1,1,1,2,1,3,4,4,2,2,1,3,1,3,3,3,3,3,4,4,1,1,3,3,3,3,1,1,1,2,2,2,1,1,1,1,1,3,1,2,2,2,2,2,3,3,1,1,1,1,2,2,4,4,4,5,3,3,2,2,3,4,2,4,2,2,2,2,4,4,1,3,1,3,2,3,2,4,3,3,2,2,1,1,1,2,2,2,1,1,2,4,1,2,3,4,2,3,3,5,3,3,1,3,3,4,3,4,2,3,2,2
"94","M145584",3,4,3,3,4,4,2,2,2,2,1,3,2,2,2,2,1,4,2,2,4,4,1,1,3,1,3,3,2,1,3,1,3,3,4,2,1,1,4,4,4,4,1,1,0,0,2,2,4,1,3,3,3,3,3,3,2,4,3,4,2,2,2,2,2,2,1,1,2,2,1,3,3,3,4,1,1,3,3,3,4,4,1,1,1,3,1,3,1,3,1,1,3,3,3,4,1,1,2,2,4,4,3,3,2,1,4,1,1,1,2,2,1,1,4,1,2,4,4,4,3,3,2,2,4,4,1,1,1,3,2,2,0,0,1,3,3,3,4,4,3,4,1,1,2,2,1,1,4,4,1,3,1,1,2,2,1,1,1,1,1,3,4,4,4,4,3,3,3,3,4,4,2,1,3,3,1,1,1,1,1,1,1,1,1,1,1,2,1,1,1,2,1,2,2,1,2,2,1,1,4,2,1,1,1,4,2,2,3,3,3,5,1,2,1,2,2,2,1,2,1,1,3,3,2,5,1,1,3,3,3,3,2,3,1,5,5,5,2,3,3,3,1,2,1,3,1,2,1,2,2,5,2,2,1,3,3,3,3,4,2,4,1,1,5,5,1,1,1,3,2,3,2,3,2,3,5,5,4,5,1,2,3,4,7,7,3,3,3,3,1,1,1,6,3,3,1,3,3,3,1,3,1,1,3,4,2,2,2,2,3,3,4,4,2,5,3,4,2,3,2,3,1,3,4,7,2,4,1,1,2,2,1,1,4,4,2,2,3,3,1,1,3,3,3,3,4,5,1,1,3,3,1,3,3,3,1,1,2,3,1,1,1,2,1,2,2,2,2,3,2,2,2,4,1,1,3,3,2,2,4,4,4,4,3,3,3,3,3,3,4,4,1,2,1,1,4,5,3,3,3,3,3,4,2,2,3,3,2,2,1,1,2,2,2,2,1,1,2,4,1,2,1,4,3,3,1,3,4,4,1,3,4,4,4,4,2,3,1,2
"95","M145585",4,4,3,3,4,4,2,2,2,2,1,1,2,1,2,2,1,1,0,0,1,4,1,1,3,1,3,1,2,1,3,3,3,3,4,4,2,2,2,2,4,4,1,1,1,1,2,4,4,1,0,0,3,3,3,4,2,2,3,4,2,1,2,2,2,2,1,1,2,2,1,1,3,1,4,1,1,1,1,1,4,1,1,1,3,3,3,3,0,0,1,1,3,1,3,4,3,1,2,2,1,1,3,1,1,1,4,1,1,3,2,3,1,1,0,0,4,4,1,4,3,1,1,1,2,2,1,1,1,3,2,4,2,2,3,3,1,1,4,4,3,4,2,1,2,2,2,1,4,4,3,3,1,4,2,2,1,3,1,3,1,3,4,4,4,4,3,3,0,0,2,4,2,1,3,3,3,3,3,3,1,1,1,2,1,1,1,1,1,1,1,2,1,2,2,1,2,2,1,1,3,2,2,1,1,1,2,2,3,3,5,5,3,3,1,1,3,3,1,2,1,2,3,4,2,5,1,1,2,3,3,3,2,2,1,5,2,5,2,2,3,3,1,1,1,1,1,1,1,1,2,2,2,2,3,3,2,3,2,3,4,4,1,1,5,5,1,1,1,3,2,3,3,3,2,3,5,6,4,4,2,3,3,4,7,7,2,3,3,3,1,2,1,6,3,3,3,3,3,3,1,1,2,2,3,4,2,2,1,2,3,3,4,4,5,5,3,3,1,2,3,3,3,3,1,4,2,6,1,1,1,2,1,3,4,4,1,2,1,3,1,1,3,3,3,3,4,4,1,2,3,3,1,3,1,3,1,2,2,3,1,1,1,1,1,2,2,2,2,2,2,2,2,4,2,2,1,3,2,2,4,4,4,4,3,4,2,2,3,3,4,4,2,2,1,2,4,5,1,3,3,3,3,4,4,4,3,3,2,2,1,1,2,2,2,2,1,1,2,4,1,2,4,4,2,3,5,5,2,4,2,3,4,4,3,4,2,3,1,2
"96","M145586",3,4,3,1,4,4,2,2,2,2,1,1,1,1,2,3,1,1,2,2,4,4,1,1,3,1,3,1,2,1,1,1,3,3,4,4,2,2,2,4,4,4,1,1,3,1,2,4,4,1,3,1,3,3,3,3,2,2,3,4,2,1,2,2,2,2,1,1,2,2,1,1,1,1,4,1,1,1,1,3,4,1,1,1,3,3,3,3,3,3,1,1,3,1,3,4,3,3,2,2,1,1,3,1,1,1,4,1,1,1,2,3,1,1,4,4,4,4,4,4,3,1,1,1,4,4,1,1,1,1,2,2,2,2,1,1,1,1,4,4,3,4,1,1,2,2,1,1,4,4,3,3,1,1,2,2,1,3,1,3,3,3,4,4,4,4,3,3,2,2,2,4,2,2,3,3,3,1,1,3,3,3,1,1,1,1,1,2,1,2,1,2,2,2,2,1,2,2,1,1,3,2,2,1,1,4,2,2,3,3,5,5,1,3,1,2,2,3,1,2,2,2,3,4,2,5,1,1,2,3,3,3,2,3,1,5,2,5,2,2,2,3,1,1,1,1,1,2,1,1,2,2,2,2,3,3,2,3,3,3,4,4,1,1,5,5,1,1,3,3,2,2,3,3,2,3,5,6,4,5,2,2,3,4,7,7,2,3,3,3,1,1,1,6,3,3,3,3,2,3,1,1,2,2,4,4,2,2,1,2,3,3,4,4,1,5,3,3,1,2,2,3,1,3,1,4,2,6,1,1,1,2,1,3,4,4,1,2,1,3,1,1,3,3,3,4,4,4,1,2,3,3,3,3,1,3,1,1,2,3,1,1,1,2,1,2,2,2,2,2,2,2,2,2,2,2,1,3,2,2,4,4,4,4,3,4,2,2,3,3,3,4,2,2,1,2,4,5,3,3,3,3,3,3,2,4,3,3,2,2,1,1,2,2,2,2,1,1,2,4,1,2,4,4,3,3,5,5,2,4,1,2,3,4,3,4,2,2,1,2
"97","M145587",4,4,1,1,4,4,2,1,2,2,1,1,2,2,2,3,1,1,2,1,1,1,1,3,1,1,3,3,2,1,3,3,3,3,4,4,2,2,4,4,1,4,4,1,3,1,4,4,4,4,3,1,3,4,3,3,2,4,4,4,2,1,2,2,2,2,4,1,2,2,1,1,3,1,4,1,1,1,3,3,1,1,2,1,3,3,3,3,1,3,1,1,3,3,3,4,3,1,2,2,4,1,3,1,2,2,1,1,1,1,3,3,1,1,1,1,2,4,4,4,3,1,1,1,4,4,1,1,3,3,4,4,1,1,1,1,3,1,4,4,3,4,2,1,2,2,2,2,4,4,1,3,1,4,2,3,1,3,1,3,1,3,4,4,4,4,3,3,2,2,4,4,1,1,3,1,3,3,1,1,1,3,1,2,1,1,1,2,1,2,1,1,1,2,1,1,2,2,1,1,3,3,2,2,1,2,2,2,3,3,5,5,3,3,2,2,2,2,2,2,1,2,3,3,2,5,1,1,3,3,1,3,1,2,5,5,3,5,2,3,1,3,1,2,1,1,1,2,1,1,2,2,2,2,1,3,3,3,3,3,4,4,1,1,5,5,1,1,1,1,2,3,2,3,3,3,5,6,4,4,3,3,4,4,1,7,3,3,3,3,1,1,1,1,3,3,3,4,2,2,2,3,2,3,3,4,1,2,1,1,1,3,2,4,2,5,3,3,1,3,3,3,2,3,2,4,1,6,1,1,1,2,3,5,4,4,2,2,1,3,1,1,3,3,1,3,4,5,1,1,3,3,1,3,1,3,1,1,2,2,1,3,1,1,1,3,1,2,2,2,2,2,2,4,1,1,1,3,2,2,2,4,4,4,3,4,2,2,3,4,2,4,2,2,2,2,4,4,1,2,1,3,2,2,2,3,3,3,2,2,1,3,1,2,2,2,1,1,1,4,1,2,4,4,1,1,1,3,3,4,1,3,4,5,4,4,2,3,2,2
"98","M145588",4,4,3,1,0,0,2,1,2,2,0,0,2,2,3,3,1,4,2,2,1,1,1,1,1,1,3,1,0,0,0,0,3,3,0,0,2,1,2,4,1,4,4,1,1,1,0,0,4,1,0,0,0,0,3,4,4,4,3,4,2,1,2,2,2,1,4,1,4,2,1,1,0,0,4,1,1,3,1,3,1,1,0,0,3,3,1,3,1,1,1,1,3,3,3,4,0,0,2,2,4,1,3,1,2,1,0,0,0,0,2,3,3,1,4,1,2,4,1,4,0,0,1,1,4,4,1,1,1,3,2,4,1,1,0,0,0,0,4,4,3,4,2,1,2,2,0,0,4,4,0,0,0,0,0,0,1,3,1,3,1,3,4,4,4,4,1,3,2,3,4,4,0,0,3,1,3,1,1,3,0,0,1,1,1,1,1,2,1,1,1,2,1,2,2,1,2,2,1,1,2,2,2,2,4,4,2,2,2,3,5,5,3,3,2,2,2,2,5,7,1,2,3,3,2,5,1,1,3,3,1,3,1,3,1,5,5,5,3,3,3,3,1,1,1,3,1,2,1,2,2,5,2,2,1,3,3,3,2,3,4,4,1,1,5,5,1,2,1,3,2,3,2,2,3,3,6,6,4,4,1,3,4,4,7,7,3,3,3,3,1,1,1,2,3,3,3,3,2,3,1,3,2,3,2,4,2,2,1,2,1,3,4,4,4,5,3,3,1,1,2,3,1,3,1,5,1,2,1,1,1,1,1,1,4,4,1,2,1,3,1,3,3,3,3,3,1,4,1,2,3,5,4,4,1,3,2,2,2,2,1,1,1,1,3,3,2,2,2,2,2,2,3,3,1,3,1,1,2,2,4,4,4,4,3,3,2,3,3,3,3,4,1,2,2,2,4,4,3,3,3,3,2,3,2,4,3,3,2,2,2,2,1,1,2,2,1,1,2,4,1,1,1,4,1,1,4,5,4,5,1,2,4,5,3,4,2,3,2,2
"99","M145589",4,4,3,1,1,1,2,1,2,2,1,1,2,1,2,2,4,4,2,2,1,1,1,1,1,1,1,1,2,1,3,1,3,3,2,2,1,1,2,2,4,4,1,1,3,1,2,2,1,1,3,3,3,4,3,4,4,4,3,4,2,1,2,2,2,1,1,1,2,2,1,1,3,3,4,4,1,1,3,3,4,4,1,1,3,3,1,3,1,3,1,1,3,1,4,4,3,1,2,2,4,4,1,1,1,1,4,1,3,3,2,2,1,1,4,1,4,4,1,4,3,1,1,1,4,4,1,1,1,3,2,2,0,0,1,3,3,3,4,4,4,4,1,1,2,2,1,1,4,4,3,3,1,1,2,2,1,3,1,1,1,1,4,4,4,4,3,3,2,3,4,4,2,2,3,1,3,1,1,1,1,3,1,1,1,1,2,2,2,2,1,1,1,1,1,1,1,2,1,1,2,2,2,1,2,3,2,2,3,3,5,5,3,3,2,2,2,2,2,7,2,2,3,3,1,2,2,2,3,3,3,3,2,3,1,1,2,5,3,3,3,3,1,1,1,1,1,2,1,2,2,2,2,2,3,3,3,3,2,3,3,4,1,1,5,5,1,2,1,3,3,3,2,2,3,3,5,6,4,5,1,3,4,4,7,7,3,3,3,3,1,1,1,2,3,3,3,3,2,3,1,3,2,2,4,4,2,2,2,2,1,3,4,4,2,2,3,4,1,1,3,3,3,3,2,4,4,4,1,2,1,1,1,5,4,4,2,2,1,3,1,3,2,3,3,3,4,5,1,1,3,3,3,3,1,1,1,1,2,2,1,1,1,1,1,3,2,2,1,5,2,2,2,3,1,3,1,3,2,2,4,4,4,4,3,4,2,3,3,3,4,4,1,2,2,2,4,4,3,3,3,3,2,3,2,2,3,3,2,2,1,2,1,2,2,2,1,1,3,4,1,2,3,4,1,3,3,5,4,4,1,1,4,5,3,4,2,4,2,2
"100","M145590",4,4,1,1,4,4,2,1,2,2,1,3,2,2,2,3,1,1,1,1,1,1,1,3,1,1,3,1,2,1,3,1,3,4,4,2,2,2,2,4,1,4,4,1,1,1,2,4,4,4,3,1,3,4,3,3,2,2,3,4,1,1,2,2,2,2,4,4,2,2,1,3,3,1,4,1,1,1,3,3,1,1,2,1,3,3,3,3,1,3,1,1,3,1,3,3,3,3,2,2,4,1,3,1,2,2,4,1,0,0,2,3,1,1,1,1,2,2,4,4,1,1,1,1,2,4,1,1,1,3,4,4,1,1,1,3,3,1,4,4,3,4,2,1,2,1,2,2,4,2,1,3,1,1,2,2,1,3,1,1,1,3,4,4,4,4,3,3,2,2,4,4,2,1,3,1,3,1,1,1,1,1,1,2,1,2,2,2,1,1,1,1,1,1,1,1,2,2,1,1,3,3,2,1,1,2,2,2,3,3,5,5,3,3,2,2,2,2,2,2,1,1,3,5,3,4,1,1,3,3,2,3,3,3,5,5,5,5,2,2,1,3,1,2,1,1,1,2,1,1,2,3,2,2,2,3,2,3,3,3,4,4,1,3,5,5,1,1,3,3,2,3,2,3,3,3,5,6,4,4,3,3,4,4,7,7,3,3,3,3,1,1,5,5,3,3,3,4,2,2,2,3,2,2,3,4,1,2,1,2,3,3,4,4,2,5,3,3,1,3,3,3,1,2,2,2,4,6,1,2,2,2,1,1,1,4,2,2,1,3,1,1,3,3,1,3,4,5,1,1,2,3,1,3,1,3,1,1,2,2,1,3,1,1,1,1,1,2,2,5,2,2,2,3,1,1,3,3,2,2,3,4,4,4,3,4,2,3,3,4,2,4,2,2,2,2,4,4,1,3,2,3,2,3,2,3,3,3,2,2,1,3,1,1,2,2,1,1,1,4,1,2,1,4,1,2,1,3,3,5,3,3,4,5,2,4,2,3,2,2
"101","M145591",4,4,3,1,1,1,2,2,2,2,1,3,2,1,2,2,4,4,2,2,1,1,1,1,1,1,3,1,2,1,3,1,3,3,2,2,1,1,2,2,1,4,1,1,3,1,2,2,4,1,1,1,4,4,3,4,4,4,4,4,2,1,2,2,2,2,1,1,2,2,1,1,3,1,4,4,1,1,3,3,4,1,2,1,3,3,1,3,1,3,1,1,3,3,4,4,3,1,2,2,4,4,3,1,1,1,4,4,1,3,2,2,3,1,4,4,4,4,1,4,3,3,1,1,4,4,1,1,3,3,2,2,2,2,0,0,1,1,4,4,4,4,2,1,2,1,1,1,4,4,1,3,1,1,2,2,1,3,1,3,1,3,4,4,2,4,3,3,2,2,4,4,2,2,3,1,3,1,1,3,3,3,1,1,1,1,1,2,1,1,1,2,1,2,2,1,2,2,1,1,3,2,2,1,3,4,2,2,3,3,5,5,3,3,2,2,2,2,2,7,1,2,3,3,1,2,2,2,3,3,3,3,2,3,1,1,2,5,1,2,3,3,1,1,1,1,1,2,1,2,2,2,2,2,1,1,3,3,2,3,3,4,1,1,5,5,1,2,1,3,3,3,2,2,3,3,5,6,4,4,1,3,4,4,7,7,3,3,3,3,1,1,1,1,3,3,3,3,2,2,3,3,2,3,4,4,2,3,1,2,3,3,4,4,2,2,3,4,1,1,3,3,3,3,1,5,2,4,1,1,1,1,1,5,4,4,1,2,1,3,1,1,2,3,3,3,4,4,1,2,3,3,3,3,1,1,1,1,2,2,1,1,1,1,3,3,2,2,1,5,2,2,2,3,1,3,1,3,2,2,4,4,4,4,3,3,2,3,3,3,3,3,1,2,2,2,4,4,3,3,3,3,2,3,2,2,3,3,2,2,1,2,1,2,2,2,1,1,3,4,1,1,1,1,1,3,3,5,4,5,2,2,4,5,3,4,2,4,2,2
"102","M145592",3,4,0,0,4,1,2,2,2,3,1,1,0,0,0,0,1,1,0,0,1,1,1,1,1,1,3,1,2,1,3,3,3,3,4,4,1,1,2,2,4,4,1,1,0,0,2,2,4,1,3,3,0,0,3,3,2,2,0,0,1,1,2,2,2,2,4,1,2,2,1,1,3,3,0,0,1,1,3,3,4,4,1,1,3,3,1,1,1,1,0,0,3,1,3,3,3,1,2,2,4,1,3,1,2,2,1,1,0,0,3,3,0,0,1,1,0,0,0,0,3,1,2,2,4,4,1,1,1,3,0,0,0,0,0,0,1,1,4,4,3,3,2,1,2,1,2,1,4,4,0,0,1,1,2,3,1,1,1,1,3,3,4,4,2,4,1,3,2,3,2,2,2,2,3,3,3,1,1,3,3,3,1,2,1,1,1,1,1,1,1,2,1,2,1,1,1,2,1,1,1,2,1,1,1,4,2,2,3,3,4,5,3,3,2,2,2,2,2,7,1,2,3,3,2,5,1,1,1,3,1,3,1,3,1,5,5,5,2,3,3,3,1,2,3,3,1,4,1,2,2,2,2,2,1,1,2,3,2,4,4,4,1,3,5,5,1,1,1,1,2,2,2,3,3,3,5,5,4,4,1,1,3,4,3,7,3,3,3,3,1,1,0,0,3,3,3,3,2,3,1,3,1,3,2,3,2,2,1,2,1,3,4,4,2,2,3,4,1,3,3,3,1,3,3,7,4,6,1,1,1,1,1,5,4,4,1,1,3,3,1,3,3,3,3,3,5,5,1,1,3,5,1,4,1,1,1,1,2,2,1,1,1,2,3,3,1,2,2,2,2,2,2,3,1,1,1,1,2,2,4,4,4,4,3,3,2,2,3,4,4,6,2,2,2,2,4,4,1,3,2,3,3,3,2,3,3,3,2,2,1,2,2,2,2,2,1,1,2,4,1,2,1,4,1,1,3,4,5,5,1,2,4,6,4,4,2,3,2,2
"103","M145863",4,4,3,1,4,4,2,2,2,2,1,3,2,1,0,0,1,1,2,2,1,4,1,1,3,1,3,1,2,2,1,1,3,3,4,2,2,1,2,4,1,4,1,1,3,3,4,4,4,4,3,3,3,4,3,3,2,2,3,3,2,2,2,2,2,2,4,1,2,2,1,1,3,1,4,1,1,1,1,3,4,4,2,1,1,3,3,3,3,3,1,1,3,1,3,3,3,1,2,2,1,1,1,1,2,1,4,1,1,3,2,3,1,1,4,4,4,4,1,4,3,1,2,1,4,4,1,1,1,1,2,2,2,2,3,3,3,3,4,4,3,4,1,1,2,2,1,1,4,4,1,3,1,1,2,2,1,3,1,3,1,3,4,4,4,4,3,3,2,2,4,4,2,1,3,1,3,1,1,1,1,3,1,1,1,2,1,2,1,2,1,1,1,2,1,1,2,2,1,1,1,1,2,1,1,1,2,2,3,3,5,5,2,3,2,2,2,3,1,2,2,2,3,3,2,3,1,1,3,3,1,3,2,2,5,5,5,5,2,3,3,3,1,2,1,1,2,2,1,2,2,2,2,2,1,3,3,3,2,3,4,4,1,1,5,5,1,1,1,3,2,2,2,3,3,3,5,5,4,4,2,3,4,4,7,7,3,3,3,3,1,1,5,6,3,3,1,3,2,2,3,4,2,2,4,4,2,3,1,2,3,4,4,4,1,5,3,3,1,2,3,3,1,3,4,4,1,2,1,1,1,2,1,1,4,4,1,2,1,3,1,1,3,3,3,3,4,5,1,1,3,3,1,3,3,3,1,1,1,3,1,1,1,1,1,3,2,2,2,5,2,2,2,2,1,2,1,3,2,2,4,4,4,4,4,4,2,2,3,3,3,4,2,2,2,2,4,5,1,4,3,3,3,4,2,2,3,3,2,3,1,1,1,2,2,2,1,1,4,4,2,2,4,4,1,3,3,5,3,4,3,3,4,4,4,4,2,2,2,2
"104","M145864",4,4,1,1,4,4,2,2,3,3,1,3,2,1,0,0,1,1,2,2,1,1,1,3,1,1,3,1,2,2,1,1,3,4,4,2,2,1,4,4,4,4,1,1,1,1,2,2,4,1,3,1,3,4,3,3,2,2,4,4,2,2,2,2,2,2,4,1,4,2,1,3,3,3,4,4,1,1,3,3,4,1,1,1,3,3,3,3,1,3,1,1,3,1,4,4,3,1,2,2,4,1,3,3,1,1,1,1,3,3,2,3,0,0,4,4,2,2,1,1,1,1,2,1,4,4,1,1,3,3,2,4,2,1,1,3,1,1,4,2,3,4,2,1,2,1,2,1,4,2,3,3,1,4,2,3,1,3,1,3,1,3,4,4,2,4,3,3,3,3,4,4,2,2,3,1,3,3,1,3,1,3,1,1,1,2,2,2,1,2,1,2,1,2,2,1,2,2,1,2,2,2,2,1,2,4,2,2,3,3,5,5,1,3,1,2,2,3,2,5,2,2,3,3,3,5,1,2,3,3,2,3,1,3,1,5,5,5,2,3,1,3,2,2,1,3,2,4,2,2,2,2,2,2,1,3,2,2,2,4,2,4,1,1,2,5,1,1,4,4,1,3,2,3,2,3,5,5,4,4,1,3,2,4,1,7,3,3,3,3,1,1,1,4,3,3,3,3,2,2,1,1,2,2,3,4,2,2,1,1,1,1,2,4,2,4,4,4,1,3,2,3,1,3,1,4,6,6,1,1,1,3,2,3,4,4,2,2,1,3,1,1,3,3,3,3,4,4,2,2,3,3,1,3,1,3,1,2,2,2,1,1,1,1,3,4,2,2,2,2,2,2,1,4,1,1,1,1,2,3,1,4,4,5,3,3,2,3,3,4,4,4,2,2,1,2,4,4,3,3,3,3,2,3,2,3,1,3,2,2,1,1,2,2,2,2,1,1,4,4,1,2,1,4,1,3,1,3,3,5,1,2,3,4,3,4,1,4,2,2
"105","M145865",4,4,3,1,4,1,2,1,2,3,1,1,1,1,2,2,1,1,2,1,1,4,3,3,1,1,3,1,2,2,1,1,3,3,4,4,2,2,2,4,4,4,1,1,1,1,4,4,4,4,3,1,3,3,3,3,2,4,4,4,1,1,2,2,2,1,4,4,2,2,3,3,3,3,1,1,1,1,3,3,1,1,1,1,3,3,3,3,1,3,1,1,3,3,3,4,3,3,2,2,4,1,3,3,1,1,1,1,1,3,2,3,1,1,4,4,4,4,1,1,3,3,2,2,4,4,1,1,3,3,2,4,2,1,3,3,3,1,4,2,3,4,2,1,2,2,1,1,4,2,3,3,1,1,2,2,1,3,1,1,3,3,4,4,4,4,3,3,3,3,4,4,2,2,3,1,3,3,1,3,3,3,1,2,1,1,1,2,1,2,2,2,2,2,2,2,2,2,1,2,2,2,2,1,4,4,2,2,3,3,5,5,3,3,1,1,2,3,2,5,1,2,3,3,2,5,1,1,3,3,3,3,1,3,1,1,2,3,3,3,3,3,1,2,1,1,1,2,1,1,2,3,2,2,1,3,2,2,2,3,4,4,1,1,2,6,1,1,4,4,3,3,3,3,1,3,5,6,4,4,1,3,2,4,7,7,3,3,3,4,1,1,1,6,3,3,3,4,2,3,1,3,2,3,3,3,1,2,2,2,1,3,4,4,2,4,3,4,1,3,3,3,1,1,1,1,4,6,1,1,1,2,3,5,4,4,2,2,2,3,1,1,3,3,1,3,4,4,1,2,3,3,3,3,1,3,1,2,2,2,1,1,1,1,3,4,2,2,2,2,2,2,2,4,1,1,1,1,2,3,4,4,4,5,3,4,2,3,4,4,3,3,2,2,1,2,4,4,3,3,1,2,2,4,2,4,2,3,2,3,2,4,2,2,2,2,1,1,4,4,2,2,3,4,2,3,3,5,3,5,1,2,4,4,2,3,3,4,2,2
"106","M145866",3,3,3,1,4,4,2,1,2,2,1,1,2,1,0,0,1,4,2,1,4,4,1,1,1,1,3,1,1,1,3,1,3,4,4,2,2,1,2,4,1,4,1,1,3,3,2,4,4,1,3,3,4,4,3,3,2,4,3,4,2,2,2,1,2,2,4,1,2,2,1,1,3,1,4,4,1,1,3,3,4,4,1,1,3,3,3,3,3,3,3,1,3,3,3,4,1,1,2,2,4,4,3,1,2,1,1,1,1,3,3,3,1,1,1,1,4,4,1,4,1,1,2,1,4,4,1,1,1,1,4,4,2,1,1,3,3,1,4,4,3,4,2,2,2,2,1,1,4,4,3,3,1,1,2,3,1,3,1,3,1,3,4,1,4,4,1,3,2,3,2,4,2,1,3,3,3,1,1,1,3,3,2,2,1,1,2,2,1,2,1,2,1,2,2,1,2,2,1,1,1,4,1,1,1,4,2,2,3,3,3,5,3,3,1,2,2,2,2,7,2,2,3,3,5,5,1,1,3,3,3,3,2,2,1,5,5,5,2,3,1,3,1,2,1,1,1,1,1,1,2,2,2,2,1,1,2,3,2,4,2,4,1,1,5,5,1,1,3,4,2,3,2,3,3,3,4,5,4,4,2,3,3,4,1,7,3,4,2,3,1,2,1,1,3,3,3,3,2,3,1,1,2,2,3,4,2,2,1,2,1,3,3,4,2,2,3,4,1,3,3,3,1,2,4,7,1,4,1,1,1,2,1,5,3,4,1,1,3,5,1,1,2,3,1,3,4,5,1,1,3,5,3,4,1,3,1,2,2,3,1,1,1,1,1,2,1,1,2,3,2,2,2,2,1,1,1,3,1,2,2,4,4,4,3,3,2,2,3,5,4,6,1,2,2,2,4,4,1,3,1,1,2,3,2,3,3,3,2,3,1,2,2,2,2,2,1,1,2,4,1,1,3,4,3,3,3,6,3,4,2,3,3,3,1,4,2,3,2,2
"107","M145867",3,4,3,1,1,1,2,2,2,2,1,1,2,1,2,2,1,1,2,2,1,1,1,1,3,1,1,1,2,1,3,3,3,4,4,2,1,1,2,4,4,4,4,1,1,1,4,4,4,4,3,1,4,4,3,3,2,2,4,4,2,1,2,2,2,2,1,1,2,2,1,1,3,3,4,1,3,3,1,3,1,1,1,1,1,3,1,3,3,3,1,1,1,1,4,4,3,3,2,2,1,1,3,3,1,1,4,4,1,3,2,3,1,1,4,1,2,4,1,4,3,3,1,1,4,4,1,1,3,3,2,4,1,1,1,1,3,3,4,4,3,4,2,1,2,1,1,1,4,4,3,3,1,1,2,3,1,1,1,1,1,3,4,4,4,4,1,1,2,3,4,4,2,2,3,3,3,1,1,3,3,3,1,1,1,1,1,2,1,2,2,2,2,2,2,2,2,2,1,1,1,2,1,1,2,4,2,2,3,4,5,5,3,3,2,2,2,3,1,7,1,2,3,3,5,5,1,1,3,3,2,2,3,3,1,5,3,5,2,3,3,3,1,1,1,1,2,2,1,2,2,2,1,2,1,3,2,3,3,4,4,4,1,1,5,5,1,1,3,4,3,3,2,2,2,3,5,5,1,4,3,3,4,4,1,1,3,3,2,3,1,1,1,1,3,3,3,3,2,3,4,4,2,2,2,4,2,2,2,2,3,4,3,3,2,4,3,4,3,3,3,3,1,4,4,7,2,4,1,1,1,2,1,1,1,4,2,2,1,2,3,3,3,3,1,3,4,4,1,1,3,5,1,4,1,3,1,1,2,2,1,2,1,1,3,3,2,2,1,3,2,2,3,3,1,1,1,3,2,2,2,2,4,4,2,3,2,2,3,4,4,6,2,2,1,2,4,4,1,1,1,3,3,3,2,2,1,3,2,2,2,3,2,2,2,2,1,2,4,4,1,2,1,4,1,3,3,5,3,3,1,2,4,5,2,3,2,2,2,2
"108","M145868",4,4,1,1,4,1,2,2,2,3,1,1,2,1,2,2,1,1,2,2,1,1,1,3,1,1,1,1,1,1,3,1,3,3,4,4,1,1,2,4,4,4,4,1,1,1,4,4,4,4,1,1,3,4,4,4,2,4,3,4,1,1,2,2,2,2,1,1,2,2,1,1,3,3,1,1,1,1,3,3,4,4,1,1,1,1,3,3,3,3,1,1,3,1,3,4,3,3,2,2,4,1,3,1,2,2,4,1,3,3,2,2,1,1,4,4,2,4,1,4,3,3,1,1,4,4,1,1,1,3,4,4,1,1,3,3,3,1,4,2,3,4,1,1,2,2,2,1,4,2,1,1,1,1,3,3,1,1,3,3,1,3,4,4,4,4,3,3,3,3,4,4,2,1,3,1,3,3,1,3,3,3,1,1,1,2,1,2,1,2,1,2,1,2,2,1,2,2,1,2,3,2,1,1,1,2,2,2,3,3,5,5,3,3,2,2,2,2,1,7,1,1,3,5,1,3,1,1,3,3,1,1,1,3,5,5,5,5,3,3,1,3,1,1,3,3,2,5,1,1,2,4,2,2,1,1,1,2,3,3,4,4,1,3,5,5,1,1,1,1,3,3,1,2,3,3,6,6,4,4,1,1,4,4,1,4,2,3,3,3,1,2,1,3,3,3,1,3,2,3,1,4,1,2,3,4,1,2,1,2,3,4,2,3,2,2,4,4,1,1,2,3,1,3,4,4,1,2,1,1,1,2,1,5,3,4,1,1,1,5,1,3,3,3,3,3,4,4,1,1,3,5,1,3,3,3,1,2,2,3,1,1,1,2,3,3,2,2,2,2,2,2,2,3,1,1,1,1,2,2,2,2,4,4,1,2,2,2,4,4,4,4,2,2,2,2,4,4,3,3,2,3,3,3,2,3,3,3,3,3,1,2,2,2,2,2,1,1,2,2,2,2,4,4,1,2,3,5,4,4,1,3,3,4,3,4,2,3,2,2
"109","M145869",3,4,3,1,4,4,1,1,3,3,1,1,2,2,2,3,1,1,2,2,1,4,1,3,3,1,3,1,1,1,3,3,3,3,2,2,1,1,2,4,4,4,4,1,1,1,2,2,4,4,3,3,3,3,3,3,2,2,3,4,1,1,2,2,1,1,1,1,2,2,3,3,3,3,4,1,1,3,3,3,4,4,1,1,1,1,1,3,1,3,1,1,3,3,3,3,3,3,2,2,1,1,3,1,2,2,1,1,3,3,3,3,3,1,4,4,2,4,4,4,3,3,2,2,4,4,1,1,1,3,4,4,1,1,1,3,3,1,4,4,3,3,2,1,2,2,1,1,4,4,1,3,1,1,2,3,1,3,1,1,3,3,4,4,2,4,3,3,3,3,2,4,2,2,3,3,1,1,1,3,3,3,1,1,1,1,1,2,1,1,1,2,1,2,2,1,2,2,1,1,1,3,2,1,1,1,2,2,3,3,4,5,1,1,1,2,2,2,1,2,2,2,3,3,3,5,1,1,3,3,1,2,1,2,1,5,5,5,2,3,3,3,2,2,1,1,4,4,1,2,2,2,2,2,1,1,3,3,2,4,2,4,1,1,5,5,1,2,3,3,3,3,3,3,3,3,5,5,4,4,1,1,3,4,3,7,3,3,3,3,2,2,4,4,3,3,3,3,3,3,1,2,2,3,2,4,2,2,2,2,1,3,4,4,2,5,3,4,1,3,3,3,1,1,4,4,2,6,1,1,1,2,1,1,4,4,1,2,3,3,1,1,3,3,3,3,4,4,1,1,3,3,1,4,1,3,2,2,2,2,1,1,1,1,3,3,2,2,2,2,2,2,3,4,1,1,1,1,2,2,4,4,4,4,3,3,2,2,3,3,4,6,2,2,1,2,4,4,3,4,2,3,2,4,2,3,1,1,1,2,1,2,1,2,2,5,1,1,2,2,1,2,3,3,3,3,5,6,4,5,1,3,4,4,4,4,2,2,2,2
"110","M145870",3,3,3,1,1,1,2,2,2,2,1,1,2,1,2,3,1,1,2,2,4,4,1,1,3,1,1,1,2,2,3,1,3,3,2,2,1,1,4,4,4,4,1,1,1,1,2,4,4,4,3,1,3,3,3,3,2,4,4,4,2,1,2,2,2,2,1,1,4,2,1,3,3,1,1,1,3,3,3,3,4,1,1,1,3,3,1,3,3,3,1,1,3,3,3,3,3,3,2,2,4,4,3,3,2,1,1,1,1,1,2,3,1,1,4,1,2,2,4,4,3,1,1,1,4,4,1,1,3,3,2,4,2,2,3,3,3,1,4,4,4,4,1,1,2,2,2,1,4,4,1,1,1,1,2,2,1,1,1,1,1,3,4,1,4,4,1,3,3,3,2,4,2,1,3,1,3,1,1,1,1,3,2,2,1,1,1,2,1,2,2,2,1,2,2,1,2,2,1,1,4,3,2,1,2,4,2,2,3,3,5,5,3,3,1,2,2,3,1,2,2,2,3,3,5,5,1,1,3,3,3,3,1,3,3,5,5,5,3,3,1,3,1,2,1,1,2,2,2,2,2,5,2,2,3,3,2,2,2,4,4,4,1,3,3,5,1,1,1,1,2,3,2,3,1,3,5,6,4,4,2,2,2,4,1,7,3,3,2,3,1,2,1,2,3,3,1,3,3,3,3,3,2,2,4,4,2,3,1,2,3,3,3,4,2,2,3,4,1,3,2,3,1,3,1,4,1,6,1,1,2,2,1,3,3,4,2,2,1,3,1,1,2,3,3,3,5,5,1,1,3,3,3,3,1,3,1,2,2,3,1,3,1,1,1,1,2,2,2,2,2,2,3,3,1,1,1,3,2,2,2,4,4,4,3,3,3,3,3,3,4,4,1,2,1,2,3,5,1,3,1,3,3,3,3,3,3,3,2,2,2,2,2,2,2,2,1,3,2,4,1,1,3,4,1,3,5,5,3,3,2,2,4,4,4,4,2,2,1,2
"111","M145871",3,4,1,1,4,4,2,2,2,3,1,3,2,1,2,3,1,1,2,1,4,4,1,3,1,1,3,1,2,1,3,3,3,3,4,4,1,1,2,4,4,4,1,1,0,0,2,4,4,1,3,1,3,4,3,3,2,2,4,4,1,1,2,2,2,1,4,1,2,2,1,1,3,3,1,1,1,1,3,3,1,1,1,1,3,3,1,3,3,3,1,1,3,3,3,4,1,1,2,2,4,4,3,1,1,1,1,1,3,3,2,2,1,1,4,1,2,4,1,1,3,1,2,1,4,4,1,1,3,3,2,2,2,1,1,3,3,1,4,4,3,3,2,1,2,2,1,1,4,2,3,3,1,4,2,3,1,3,1,1,3,3,4,4,2,4,3,3,2,3,2,4,2,1,3,3,3,3,3,3,3,3,1,1,1,2,2,2,1,2,1,1,1,2,1,1,2,2,1,2,1,2,2,1,4,4,2,2,3,3,3,5,3,3,1,2,2,3,2,3,1,2,3,3,3,5,1,1,3,3,3,3,1,3,1,1,5,5,3,3,2,3,1,1,1,1,2,2,1,2,2,2,2,2,2,3,2,2,2,2,2,4,1,3,2,5,1,1,1,4,2,3,2,3,2,3,5,6,4,5,1,3,3,4,2,7,3,3,1,3,1,1,1,4,3,3,3,4,3,3,1,4,2,2,3,3,2,3,2,2,1,1,2,4,2,4,3,3,1,3,3,3,1,2,1,4,4,6,1,1,1,1,3,3,4,4,1,2,2,2,1,3,3,3,3,3,4,4,1,1,3,3,3,3,1,3,1,1,2,2,3,3,1,1,3,3,1,2,2,2,2,3,2,2,1,2,1,1,2,2,1,4,4,5,3,4,2,3,4,4,3,4,2,3,2,2,4,4,3,3,1,1,1,2,2,3,3,3,2,2,3,4,2,2,2,2,1,1,4,4,1,2,4,4,1,2,3,5,1,5,1,2,4,4,2,2,2,4,2,2
"112","M145872",3,4,1,1,4,4,2,2,2,3,1,3,2,1,2,3,1,1,1,1,1,4,1,3,1,1,3,1,2,1,3,3,3,3,4,4,1,1,4,4,4,4,1,1,3,1,2,4,4,1,3,1,3,4,3,3,2,4,4,4,1,1,2,2,2,2,4,1,2,2,1,3,3,3,1,1,1,1,3,3,1,1,1,1,3,3,3,3,3,3,1,1,3,3,3,4,3,1,2,2,4,4,1,1,1,1,1,1,3,3,2,2,3,1,1,1,2,4,1,1,3,1,2,2,4,4,1,1,3,3,2,2,2,1,1,3,3,1,4,4,3,4,1,1,2,2,1,1,4,2,3,3,1,4,2,3,1,3,1,1,1,3,4,4,4,4,3,3,2,2,2,4,2,1,3,3,3,3,3,3,3,3,1,1,1,2,2,2,2,2,1,2,2,2,2,1,2,2,1,2,1,2,2,1,4,4,2,2,3,3,5,5,3,3,1,1,3,3,2,2,2,2,3,3,3,5,1,1,3,3,3,3,1,3,1,1,2,5,2,3,2,3,1,2,1,1,2,2,1,1,2,5,2,2,1,2,2,2,2,2,4,4,1,1,2,5,1,1,1,4,2,3,2,3,3,3,5,6,4,5,1,3,3,4,2,7,3,3,1,3,1,1,4,6,3,3,3,4,3,3,1,4,2,3,3,3,2,3,1,2,1,1,2,4,2,4,3,3,1,3,3,3,2,3,1,7,4,6,1,1,1,1,3,5,4,4,1,2,2,2,1,1,3,3,3,3,4,4,1,1,3,3,3,3,1,3,1,1,2,2,3,3,1,1,3,3,1,2,2,2,2,3,1,2,1,2,1,1,2,3,1,4,4,5,3,3,2,3,4,4,3,4,2,3,2,2,4,4,3,3,1,3,1,2,2,3,3,3,2,2,3,4,2,2,2,2,1,1,4,4,1,2,1,4,3,3,5,5,1,5,1,2,3,3,2,2,2,4,2,2
"113","M145873",3,4,3,3,4,4,2,2,2,2,3,3,0,0,2,3,1,1,2,2,4,4,1,3,3,1,3,3,0,0,3,1,3,3,4,4,2,1,4,4,0,0,4,1,3,3,2,4,4,1,3,1,3,3,3,3,2,2,3,4,2,2,2,2,2,2,1,1,2,2,1,3,3,1,4,1,1,1,1,3,4,1,1,1,1,3,1,3,1,3,1,1,3,1,3,4,3,1,2,2,4,1,3,1,2,1,1,1,0,0,2,2,1,1,1,1,2,4,1,4,3,3,2,2,4,4,1,1,3,3,2,2,2,1,3,3,3,1,4,4,3,3,1,1,2,2,1,1,4,4,3,3,1,1,2,2,1,3,1,1,1,1,4,4,4,4,3,3,3,3,4,4,2,1,3,3,1,1,3,3,3,3,1,1,1,1,1,2,1,1,1,1,1,2,1,1,2,2,1,1,4,2,1,1,1,2,2,2,3,3,3,5,1,3,2,2,2,2,2,2,1,1,3,3,2,2,1,1,1,3,3,3,1,2,1,5,5,5,2,3,3,3,1,2,1,1,1,2,1,1,2,5,2,2,1,1,3,3,3,3,4,4,1,3,5,5,1,1,1,3,3,3,2,3,2,3,5,5,4,5,1,2,3,4,7,7,3,3,3,3,1,1,1,6,3,3,3,3,2,3,1,3,2,2,3,4,2,2,2,2,3,3,4,4,2,5,3,3,1,2,3,3,1,3,4,7,2,4,1,1,1,2,1,5,4,4,1,2,3,3,1,1,3,3,3,3,4,4,1,1,3,3,1,3,1,3,1,1,2,3,1,3,1,1,1,3,2,2,2,5,2,2,2,2,1,2,1,3,2,2,4,4,4,4,3,4,3,3,3,3,4,4,2,2,1,2,4,4,3,4,3,3,3,4,2,4,1,3,2,3,1,2,2,2,2,2,1,1,2,4,1,1,1,4,3,3,1,4,4,4,1,3,4,4,4,4,2,3,1,2
"114","M145874",3,3,3,1,4,4,2,2,2,2,1,3,2,1,2,3,1,4,2,2,1,4,1,1,1,1,1,1,2,1,0,0,3,3,2,2,2,1,2,4,1,4,1,1,3,3,2,4,4,1,1,1,3,4,3,3,2,4,3,3,2,1,2,2,2,1,1,1,2,2,1,1,3,1,4,1,1,1,3,3,4,4,1,1,3,3,1,3,3,3,3,1,3,3,3,4,1,1,2,1,4,4,3,1,1,1,1,1,1,1,2,3,1,1,1,1,4,4,1,1,1,1,2,2,2,4,1,1,1,3,2,4,1,1,3,3,3,1,4,4,3,4,2,1,2,2,2,1,4,4,3,3,1,1,2,3,1,3,1,1,1,3,4,4,4,4,1,3,2,3,2,4,2,2,3,1,3,3,1,1,3,3,2,2,1,1,2,2,2,2,1,2,2,2,2,1,2,2,1,1,1,2,1,1,4,4,2,2,3,3,3,4,3,3,1,2,2,3,1,7,2,2,3,4,2,5,1,1,3,3,3,3,2,2,1,5,5,5,2,3,3,3,1,2,1,1,1,1,1,1,2,3,2,2,1,1,2,3,3,3,2,2,1,1,5,5,1,1,3,3,2,2,2,3,3,3,5,5,4,4,1,2,3,3,1,7,3,4,2,3,1,1,1,6,3,3,3,3,2,3,1,1,2,2,3,3,2,2,1,2,1,3,2,4,2,5,3,4,1,1,3,4,1,3,6,7,4,6,1,1,1,2,1,1,3,4,1,1,3,3,1,1,2,3,1,3,4,5,1,1,3,5,3,4,1,1,1,2,2,3,1,1,1,1,3,3,1,1,2,5,2,2,2,2,1,1,1,1,2,2,2,4,4,4,3,3,3,3,3,3,4,6,1,2,2,2,4,4,1,3,1,3,2,3,2,3,3,3,2,2,2,2,2,2,2,2,1,1,2,4,1,2,3,4,3,3,5,6,3,4,1,2,3,4,2,4,2,3,2,2
"115","M145875",3,4,1,1,4,1,2,2,2,2,3,3,1,1,2,2,1,4,2,2,4,4,1,1,3,1,3,3,2,2,3,1,3,4,4,4,1,1,2,2,4,4,4,4,1,1,2,4,4,1,3,1,3,3,3,3,4,4,4,4,2,1,2,2,2,1,4,1,4,2,3,3,3,1,4,1,1,1,1,3,1,1,2,1,1,3,1,3,3,3,3,1,3,1,3,3,3,1,2,2,1,1,3,3,1,1,1,1,1,3,2,3,3,1,4,4,2,4,4,4,3,3,1,1,4,4,1,1,1,3,2,2,2,1,3,3,3,3,4,4,4,4,2,2,2,2,2,1,4,4,3,3,1,1,2,3,1,3,1,3,1,3,4,4,4,4,1,3,2,3,2,2,2,1,3,3,3,3,1,3,3,3,1,2,1,1,2,2,2,2,2,2,1,2,2,1,2,2,1,1,2,2,2,1,2,2,1,2,3,3,5,5,3,3,1,2,2,3,3,7,1,2,3,3,2,3,1,1,3,3,3,3,2,2,1,5,2,5,2,3,2,3,1,2,1,1,1,4,2,2,2,2,2,2,1,3,2,3,2,3,2,4,1,2,5,5,1,1,1,4,2,3,2,2,3,3,5,6,4,4,1,3,4,4,1,3,3,3,3,3,1,2,1,5,3,3,3,3,3,3,1,3,3,3,2,3,2,2,2,2,3,3,4,4,2,5,3,4,1,1,3,3,1,2,4,5,1,5,1,1,1,1,1,5,1,4,1,1,1,1,1,3,3,3,1,3,4,4,1,1,3,3,1,4,1,1,1,1,2,2,1,3,1,1,1,3,1,2,2,2,2,2,3,3,1,1,1,1,2,3,2,4,3,4,2,3,2,3,3,3,3,4,2,2,2,2,4,4,1,3,2,3,3,3,2,2,1,3,2,3,1,1,2,2,2,2,1,1,4,4,1,2,1,4,2,3,5,5,3,4,1,3,4,4,3,4,2,2,2,2
"116","M145876",4,4,3,1,4,1,2,2,2,3,1,1,2,1,2,2,1,1,2,1,1,1,1,1,1,1,3,1,2,2,1,1,3,3,4,4,2,1,2,4,4,4,1,1,1,1,2,2,1,1,1,1,4,4,3,3,2,2,4,4,1,1,2,2,2,2,4,1,2,2,1,3,3,1,4,4,1,3,1,3,4,1,1,1,3,3,3,3,1,3,1,1,3,3,3,4,3,1,2,2,4,4,1,1,2,1,1,1,1,3,2,3,3,1,4,4,4,4,1,4,3,1,2,1,4,4,1,1,1,3,2,2,2,2,3,3,3,3,4,4,3,3,2,1,2,1,1,1,4,2,3,3,1,1,2,3,1,3,1,1,1,3,4,4,2,4,3,3,2,3,4,4,2,2,3,3,3,3,1,3,3,3,1,1,1,2,1,2,1,2,2,2,2,2,2,2,2,2,1,1,3,2,2,1,2,4,2,2,3,3,5,5,1,3,1,2,2,3,2,2,2,2,3,3,5,5,1,1,3,3,2,3,1,2,1,1,5,5,3,3,3,3,1,2,1,1,1,2,1,2,2,2,2,2,1,1,2,3,2,4,4,4,1,1,2,5,1,2,3,4,3,3,2,3,3,3,5,5,4,4,3,3,3,4,1,7,3,3,2,3,1,1,1,6,3,3,3,4,2,3,1,3,2,2,3,4,2,2,1,2,1,3,3,4,2,4,3,4,1,1,2,3,1,3,1,4,4,6,1,1,1,1,3,3,4,4,2,2,2,3,1,3,3,3,3,3,4,4,1,2,3,3,1,3,3,3,1,2,2,2,1,1,1,1,1,4,2,2,2,2,2,2,1,2,1,1,1,3,2,3,2,4,5,5,3,4,3,3,3,4,4,4,2,2,2,2,4,4,3,4,3,3,3,4,2,3,1,3,2,2,1,1,2,2,2,2,1,1,2,4,1,2,3,4,1,3,3,5,4,4,1,3,4,4,3,4,2,4,2,2
"117","M145877",4,4,1,1,4,1,2,2,2,2,1,3,1,1,2,2,1,1,2,2,1,4,1,1,1,1,3,1,2,2,3,3,3,4,2,2,1,1,2,4,4,4,1,1,3,1,2,2,4,4,1,1,3,4,3,3,2,4,4,4,1,1,2,1,2,2,1,1,4,2,3,3,3,3,4,1,1,3,3,3,1,1,1,1,1,3,3,3,1,3,1,1,3,3,3,3,3,3,2,2,4,1,3,1,1,1,4,1,1,3,2,3,3,1,4,4,2,4,1,4,3,3,2,1,4,4,1,1,1,3,2,2,2,1,3,3,3,1,4,4,3,4,2,2,2,2,2,2,4,4,1,3,1,1,2,2,1,3,1,1,1,3,4,4,4,4,3,3,2,3,2,4,2,1,3,3,1,1,1,3,3,3,1,2,1,1,1,1,1,1,1,1,1,2,1,1,2,2,1,1,2,2,2,1,2,3,2,2,3,3,5,5,3,3,2,2,2,2,1,7,2,2,3,3,2,5,1,1,3,3,2,3,1,2,1,5,2,5,3,3,3,3,1,2,1,1,1,4,1,1,2,5,2,2,1,1,2,3,3,3,4,4,1,1,5,5,1,2,4,4,2,3,2,3,1,3,5,5,4,5,1,1,2,4,7,7,3,3,3,3,1,1,1,6,3,3,3,3,2,3,1,3,3,3,2,3,2,2,1,2,1,3,4,4,2,5,3,3,1,1,3,3,1,3,2,4,1,4,1,2,1,2,1,3,4,4,1,2,1,1,1,1,2,3,3,3,4,4,1,2,3,3,1,3,1,1,1,1,2,3,1,1,1,1,3,3,2,2,2,2,2,2,3,3,1,1,1,1,2,3,4,4,4,4,3,3,3,3,3,4,3,4,2,2,2,2,4,4,1,1,1,3,3,3,2,2,1,1,3,3,1,1,1,2,2,2,1,3,4,4,1,2,1,4,2,3,1,5,4,5,1,2,4,4,2,4,2,2,2,2
"118","M145878",4,4,3,1,4,4,2,2,2,3,3,3,1,1,3,3,1,1,2,2,1,4,1,1,1,1,3,3,2,1,3,3,3,4,4,2,1,1,2,4,4,4,4,1,1,1,2,2,4,4,1,1,3,3,3,3,2,4,3,4,2,1,2,2,2,2,4,1,4,2,3,3,3,3,4,1,1,1,3,3,1,1,2,1,3,3,3,3,1,3,3,1,3,1,3,3,3,1,2,2,1,1,3,1,1,1,4,1,3,3,2,2,3,1,4,4,4,4,1,4,3,3,2,1,4,4,1,1,1,3,2,4,2,1,3,3,1,1,4,2,3,4,2,1,2,2,1,1,4,4,3,3,1,1,2,2,1,3,1,3,1,1,4,4,4,4,3,3,2,3,2,4,1,1,3,1,3,3,1,3,3,3,1,2,1,1,1,1,1,1,1,1,1,2,1,1,2,2,1,2,2,2,1,1,2,3,2,2,3,3,4,6,3,3,2,2,2,2,2,7,2,2,3,3,2,2,1,1,3,3,2,3,1,2,1,5,2,5,2,3,3,3,1,2,1,1,1,1,1,2,2,5,2,2,1,1,2,2,3,3,4,4,1,1,5,5,1,1,4,4,2,3,3,3,3,3,5,6,4,4,1,1,4,4,7,7,3,3,3,3,1,1,1,6,3,3,1,3,2,3,1,3,3,3,2,2,2,2,1,1,1,3,4,4,2,4,3,3,1,1,3,3,1,3,4,5,1,4,1,1,1,2,1,1,4,4,1,2,1,1,1,3,3,3,3,3,4,4,1,1,3,3,3,3,1,1,1,1,2,3,1,1,1,1,3,3,2,2,2,2,2,2,2,3,1,1,1,1,2,2,4,4,4,4,3,3,3,3,3,3,3,4,1,2,2,2,4,4,1,1,1,3,3,3,2,2,1,1,3,3,1,4,1,2,2,2,1,3,4,4,1,2,4,4,3,3,1,3,4,5,1,1,4,4,3,4,2,2,2,2
"119","M145879",4,4,3,1,4,1,2,2,2,3,3,3,1,1,2,2,1,4,2,2,1,1,1,1,1,1,1,1,2,2,3,3,3,4,4,2,1,1,2,4,4,4,4,1,3,1,2,2,4,4,1,1,3,4,3,3,2,4,4,4,2,1,2,2,2,1,1,1,4,2,3,3,3,3,1,1,1,1,3,3,1,1,2,1,1,3,1,3,3,3,3,1,3,1,3,3,3,1,2,2,4,1,3,1,1,1,1,1,3,3,3,3,3,1,4,1,4,4,1,1,3,3,2,1,4,4,1,1,1,3,2,2,2,1,3,3,3,1,4,4,3,4,2,2,2,2,1,1,4,4,1,3,1,1,2,2,1,3,3,3,1,3,4,4,4,4,3,3,2,3,2,4,2,1,3,3,3,1,1,1,3,3,1,1,1,1,1,1,1,1,1,1,1,2,1,1,2,2,1,1,4,2,2,1,3,3,2,2,3,3,4,6,3,3,2,2,2,2,1,7,2,2,3,3,3,5,1,1,3,3,2,3,1,2,1,5,2,5,2,3,3,3,1,2,1,1,1,1,2,2,2,5,2,2,1,2,2,2,3,3,4,4,1,1,5,5,1,1,4,4,2,3,2,3,3,3,5,5,4,4,1,1,2,4,3,7,3,3,3,3,1,1,1,6,3,3,1,3,3,3,1,3,3,3,2,2,2,2,1,1,1,1,4,4,2,4,3,3,1,3,3,3,1,3,4,4,1,4,1,1,1,2,1,3,4,4,1,1,1,1,1,1,3,3,1,3,4,4,1,2,3,3,3,3,1,1,1,2,2,2,1,1,1,1,3,3,2,2,2,2,2,2,3,3,1,1,1,1,2,3,4,4,4,4,3,3,3,3,3,3,4,4,2,2,2,2,4,5,1,1,3,3,3,3,2,3,1,2,2,3,1,2,2,2,2,2,1,1,2,4,1,2,1,4,2,3,1,1,4,4,2,2,4,4,2,4,2,2,2,2
"120","M145880",4,4,3,1,4,4,2,2,2,2,3,3,1,1,2,2,1,1,2,1,1,4,1,3,1,1,3,1,2,1,1,1,3,3,4,2,2,2,4,4,1,4,1,1,3,3,2,4,4,4,3,3,3,4,3,3,2,2,3,4,2,2,2,2,2,2,1,1,2,2,1,1,1,1,4,1,1,1,3,3,4,1,2,1,3,3,3,3,1,3,1,1,3,3,3,4,3,1,2,2,4,1,1,1,1,1,4,1,1,3,2,3,1,1,4,1,2,4,4,4,1,1,2,1,2,4,1,1,1,1,2,4,2,1,1,3,3,3,4,2,3,4,1,1,2,2,2,1,4,4,1,3,1,1,2,2,1,1,1,3,1,3,4,4,4,4,3,3,2,3,4,4,2,1,3,1,3,1,1,1,1,1,1,2,1,1,1,2,1,2,1,1,1,2,1,1,2,2,1,1,1,1,2,1,1,1,2,2,3,3,5,5,3,3,1,2,2,3,1,7,1,2,3,3,2,3,1,1,3,3,2,3,2,3,5,5,5,5,2,3,3,3,1,2,1,1,2,4,1,1,2,2,2,2,1,3,3,3,2,3,4,4,1,3,5,5,1,1,3,3,2,2,2,3,3,3,5,5,4,5,2,3,3,4,7,7,2,3,3,3,1,1,5,6,3,3,3,3,2,3,1,3,2,2,4,4,2,3,1,2,3,3,4,4,1,5,3,3,1,2,2,3,1,1,4,4,1,2,1,1,1,1,1,1,4,4,2,2,1,3,1,1,3,3,3,3,4,5,1,1,3,3,1,3,3,3,1,1,1,3,1,1,1,1,1,3,2,2,2,5,2,2,4,4,1,2,3,3,2,2,4,4,4,4,3,4,2,2,3,3,3,4,1,2,1,2,4,4,1,4,3,3,3,4,2,2,3,3,2,3,1,1,1,2,2,2,1,1,4,4,2,2,4,4,2,3,3,5,3,4,3,3,4,4,4,4,2,2,1,2
"121","M145881",4,4,3,1,4,1,1,1,2,2,1,3,2,1,2,3,1,4,2,1,1,1,1,1,3,1,3,1,1,1,3,3,3,3,4,2,1,1,2,2,4,4,1,1,1,1,2,2,4,1,3,3,3,3,3,3,2,4,3,4,1,1,2,2,2,2,1,1,2,2,1,1,3,3,4,1,1,1,3,3,4,4,1,1,3,3,1,3,1,1,1,1,3,1,3,3,3,3,2,2,4,1,1,1,2,2,1,1,1,3,3,3,1,1,1,1,2,4,1,4,3,1,2,1,4,4,1,1,1,3,2,4,1,1,3,3,1,1,4,4,3,4,2,1,2,1,1,1,4,4,3,3,1,1,3,3,1,1,1,3,3,3,4,4,2,4,1,3,3,3,2,2,2,1,3,3,3,3,1,3,1,3,1,2,1,1,1,2,1,1,2,2,2,2,2,2,2,2,1,1,1,2,2,1,1,4,2,2,3,3,5,5,1,3,2,2,2,2,1,7,1,2,3,3,5,5,1,1,1,3,1,3,1,2,4,5,5,5,2,3,3,3,1,2,1,3,1,4,1,2,2,2,2,2,1,1,2,3,2,3,4,4,1,3,5,5,1,1,1,3,2,2,2,3,1,3,5,5,4,4,1,1,4,4,1,3,3,3,3,3,1,2,1,4,3,3,3,3,2,3,3,3,1,2,3,4,2,2,2,2,1,3,3,4,2,2,3,4,1,3,3,3,1,3,4,5,2,6,1,1,1,1,1,1,4,4,1,1,3,3,1,1,3,3,3,3,4,5,1,1,3,3,1,4,1,1,1,2,2,2,1,1,1,2,1,3,1,2,2,2,2,2,2,3,1,1,1,1,2,2,2,4,4,4,3,3,2,2,3,4,4,4,2,2,2,2,4,4,1,3,3,3,3,3,2,3,3,3,2,2,1,2,2,2,2,2,1,1,2,4,1,1,3,4,1,3,3,4,3,5,1,3,4,4,0,0,2,3,2,2
"122","M145882",3,4,1,1,1,1,2,2,2,3,1,3,1,1,2,2,1,4,2,2,1,4,1,3,1,1,1,1,1,1,3,3,3,4,4,4,1,1,2,2,4,4,4,1,1,1,2,2,4,4,3,1,3,4,3,3,4,4,4,4,2,1,2,2,2,2,1,1,2,2,1,1,3,3,1,1,1,1,3,3,1,1,1,1,1,3,1,3,3,3,3,3,3,1,3,3,3,1,2,2,4,1,3,1,1,1,1,1,1,1,3,3,1,1,4,1,4,4,1,4,3,3,1,1,4,4,1,1,1,3,2,4,1,1,3,3,1,1,4,2,3,4,2,2,2,2,2,1,4,4,3,3,1,1,2,3,1,3,1,3,3,3,4,4,4,4,3,3,2,3,2,4,2,1,3,1,3,1,1,3,1,3,1,2,1,2,1,2,1,2,1,2,2,2,2,1,2,2,1,1,3,2,2,2,2,2,2,2,3,3,4,4,3,3,2,2,2,2,1,7,1,2,3,5,2,5,1,1,3,3,1,3,2,3,1,1,5,5,2,3,3,3,1,1,1,1,1,2,1,1,2,4,2,2,1,3,2,2,3,3,4,4,1,3,5,5,1,2,1,4,2,3,2,3,3,3,5,6,2,5,1,2,4,4,4,7,2,3,3,3,1,2,1,2,3,3,1,3,0,0,1,3,2,3,3,4,2,2,2,2,1,3,3,4,2,5,3,4,1,1,3,3,1,3,4,4,1,2,1,1,1,2,1,1,4,4,1,2,1,5,3,3,2,3,3,3,1,4,1,2,3,5,3,3,1,1,1,1,3,3,1,1,1,1,2,3,2,2,1,2,2,2,3,3,1,1,1,1,2,2,2,4,3,4,3,4,2,3,3,4,2,3,2,2,2,2,4,4,1,3,3,3,3,3,3,4,3,3,2,3,1,2,2,2,2,2,1,3,2,4,1,2,4,4,1,2,1,6,4,4,2,2,4,4,2,4,2,2,2,2
"123","M145883",3,4,1,1,4,4,2,2,3,3,1,3,1,1,2,3,1,4,2,1,1,1,3,3,1,1,1,1,1,1,3,1,3,3,4,4,2,1,4,4,4,4,1,1,3,1,2,4,4,4,3,1,4,4,3,3,2,2,4,4,2,1,2,2,2,1,4,1,2,2,1,3,3,3,1,1,1,1,3,3,1,1,1,1,3,3,1,3,1,3,3,1,3,3,3,4,3,3,2,2,4,4,3,1,1,1,1,1,1,1,2,2,1,1,4,1,4,4,1,4,3,1,2,2,4,4,2,1,3,3,2,2,2,1,1,3,3,1,4,4,3,4,2,1,2,2,1,1,2,2,3,3,1,1,2,2,1,1,1,1,1,3,4,4,4,4,1,3,2,3,2,4,2,2,3,3,3,3,3,3,1,3,1,2,1,2,2,2,1,1,1,2,1,2,2,1,2,2,1,1,1,2,1,1,4,4,2,2,3,3,3,5,3,3,1,2,2,3,2,2,1,2,3,3,5,5,1,1,3,3,3,3,1,2,1,1,5,5,2,3,3,3,1,2,1,1,1,2,1,1,2,5,2,2,2,3,1,2,2,4,4,4,1,1,2,5,1,1,1,4,3,3,2,3,3,3,6,6,4,4,1,3,4,4,7,7,3,3,3,3,1,1,4,6,3,3,3,4,3,3,1,3,2,3,3,3,2,3,1,1,1,1,4,4,1,4,3,4,1,3,3,3,2,3,1,7,4,6,1,1,1,2,1,3,4,4,1,2,2,3,1,1,3,3,3,3,4,4,1,2,3,3,1,3,3,3,1,1,2,2,1,3,1,1,3,4,1,2,2,3,2,2,1,2,1,2,1,1,2,2,4,4,4,5,3,3,2,3,4,4,4,4,2,2,2,2,4,4,3,3,1,1,3,3,3,3,3,3,2,2,1,4,2,2,2,2,1,1,4,4,1,2,1,4,1,3,5,5,1,4,1,3,3,4,2,3,2,4,2,2
"124","M145884",3,4,3,1,4,4,2,2,2,2,1,3,2,1,2,2,1,4,2,1,1,1,1,3,3,1,1,1,2,1,1,1,3,3,4,4,2,2,2,2,4,4,1,1,1,1,2,4,1,1,3,1,3,3,3,3,2,4,4,4,2,1,2,2,2,2,4,1,2,2,1,3,3,3,4,1,1,1,3,3,4,1,1,1,3,3,1,3,3,3,3,1,3,1,3,4,3,1,2,2,4,4,3,1,1,1,1,1,1,1,2,2,1,1,4,1,2,2,1,1,3,1,2,2,4,4,1,1,3,3,2,2,0,0,0,0,3,3,4,4,3,4,2,1,2,2,2,1,4,2,1,3,1,1,2,2,1,3,1,1,3,3,4,4,4,4,3,3,2,3,4,4,2,1,3,3,3,3,1,3,1,3,1,1,1,2,1,2,1,1,1,1,1,2,1,1,2,2,1,2,1,2,2,1,2,4,2,2,3,3,5,5,1,3,1,2,3,3,2,2,2,2,3,3,2,5,1,2,3,3,1,3,1,3,1,5,2,5,3,3,2,3,1,1,1,2,2,5,1,1,2,3,2,2,1,1,2,3,3,4,4,4,1,1,5,5,1,2,1,4,3,3,2,3,2,3,5,6,1,4,2,3,3,4,7,7,3,3,3,3,1,1,1,6,3,3,3,4,2,3,1,3,2,3,3,4,2,2,1,2,1,1,4,4,4,5,3,3,1,1,2,3,1,3,1,1,1,6,1,1,1,2,5,5,3,4,1,1,1,2,1,3,2,3,1,3,4,4,1,1,2,3,3,3,1,3,1,1,2,2,1,3,1,1,3,3,1,2,2,2,2,2,1,3,1,2,1,1,2,3,4,4,4,5,3,4,3,3,3,4,3,4,2,2,2,2,4,4,3,3,1,1,2,4,2,3,3,3,2,3,1,4,2,2,2,2,1,1,4,4,1,1,1,4,2,2,3,5,3,5,1,3,3,4,3,3,2,4,2,2
"125","M145885",3,4,1,1,4,1,2,2,2,3,1,1,2,1,2,2,1,1,2,2,1,1,1,3,1,1,3,1,2,1,3,1,3,3,4,2,2,1,2,4,4,4,1,1,0,0,4,4,1,1,3,1,3,3,3,3,2,2,4,4,1,1,2,2,2,2,4,1,2,2,3,3,3,1,4,1,1,1,1,3,1,1,1,1,1,3,3,3,1,3,3,1,3,3,3,4,3,3,2,2,4,1,3,1,1,1,1,1,3,3,2,2,1,1,4,1,4,4,1,1,3,1,2,1,4,4,1,1,3,3,2,4,2,2,1,3,1,1,4,4,3,4,2,1,2,2,2,1,4,2,3,3,1,1,2,2,1,3,1,1,3,3,4,4,4,4,3,3,3,3,4,4,2,2,3,3,3,1,1,3,3,3,1,2,1,1,2,2,2,2,2,2,2,2,2,2,2,2,1,2,2,2,2,1,2,4,2,2,3,3,5,5,3,3,1,2,3,3,1,2,2,2,3,3,5,5,1,2,1,3,1,3,1,3,1,5,2,5,2,3,1,2,1,2,1,1,1,2,1,2,2,2,2,2,1,1,2,3,2,3,2,4,1,1,5,5,1,2,1,4,3,3,3,3,3,3,5,6,4,5,2,3,3,4,1,7,3,3,2,3,1,1,2,4,3,3,3,4,3,3,1,1,2,3,2,3,1,2,1,2,1,3,3,4,2,4,3,4,1,1,3,3,3,3,1,7,4,6,1,1,1,1,1,5,1,4,1,2,2,3,1,3,3,3,3,3,4,4,1,1,3,3,3,3,1,3,1,1,2,2,1,1,1,1,3,3,2,2,2,3,2,2,2,3,1,1,1,1,2,2,2,4,4,5,3,4,3,3,3,4,3,4,2,2,2,2,4,5,3,3,1,3,2,3,2,3,3,3,2,2,1,4,2,2,2,2,1,1,4,4,2,2,4,4,2,3,3,3,5,5,1,2,4,4,2,4,3,4,2,2
"126","M145886",3,3,3,3,4,1,2,2,2,3,1,1,2,1,0,0,1,4,2,1,1,1,1,3,3,3,3,1,2,1,3,3,3,3,4,2,2,1,2,4,1,1,1,1,1,1,2,4,4,1,3,3,3,3,3,3,4,4,3,3,2,2,2,2,2,2,1,1,2,2,1,3,3,3,4,1,1,1,3,3,4,1,1,1,1,3,1,3,1,3,1,1,3,1,3,4,3,3,2,2,4,1,3,3,2,2,1,1,1,1,2,3,1,1,4,1,2,4,1,4,3,1,2,1,4,4,1,1,1,3,2,4,1,1,1,3,1,1,4,4,4,4,1,1,2,1,1,1,4,4,1,3,1,4,2,2,1,3,1,1,3,3,4,4,4,4,3,3,3,3,4,4,2,2,3,3,3,3,1,3,1,3,1,1,2,2,2,2,1,2,1,1,1,2,1,1,2,2,1,1,2,2,1,1,2,2,2,2,3,3,4,5,3,3,1,2,2,3,2,5,2,2,3,3,2,5,1,1,3,3,1,3,1,3,1,5,5,5,2,3,3,3,1,1,1,1,1,2,1,1,2,5,2,2,1,1,2,3,2,3,2,4,1,1,5,5,1,1,1,3,3,3,2,3,3,3,4,5,4,4,2,3,4,4,7,7,2,3,3,3,1,1,2,2,3,3,3,3,2,3,1,3,2,2,3,4,2,3,2,2,3,3,4,4,2,2,3,3,3,3,3,3,1,3,1,7,4,6,1,1,1,1,1,5,4,4,1,2,3,3,1,1,3,3,3,3,3,4,1,1,3,3,1,4,1,1,1,2,2,2,1,1,1,1,3,3,1,2,2,2,2,2,2,2,1,1,1,3,2,2,2,4,4,4,3,4,2,3,3,4,4,4,2,2,1,2,2,4,3,4,3,3,3,4,2,3,1,1,2,3,1,2,2,2,2,2,1,3,2,4,1,1,1,3,2,3,6,6,3,4,2,2,4,4,3,3,2,3,2,2
"127","M145887",4,4,3,1,4,1,2,2,2,2,1,1,2,1,2,2,1,1,2,1,1,1,3,3,1,1,3,1,2,2,1,1,3,3,4,2,1,1,4,4,4,4,1,1,1,1,2,4,4,1,3,1,4,4,3,3,2,2,4,4,2,2,2,2,2,1,4,1,2,2,3,3,3,1,4,1,1,1,1,3,4,1,1,1,3,3,1,3,1,1,3,1,3,3,3,4,3,3,2,2,4,1,3,1,1,1,4,1,1,3,2,2,1,1,4,4,4,4,1,4,3,3,2,1,4,4,1,1,3,3,2,4,2,2,1,3,3,1,4,2,3,3,2,1,2,2,1,1,4,2,3,3,1,1,2,2,1,1,1,1,3,3,4,4,4,4,3,3,3,3,4,4,2,2,3,3,3,1,1,3,1,3,1,1,1,2,2,2,2,2,2,2,2,2,2,2,2,2,1,2,1,2,2,1,2,4,2,2,3,3,5,5,3,3,1,1,3,3,2,2,2,2,3,3,5,5,1,2,1,3,3,3,1,3,1,1,5,5,1,3,1,3,1,2,1,1,1,2,1,2,2,2,2,2,1,3,2,3,2,3,4,4,1,1,5,5,1,2,1,4,2,3,3,3,3,3,5,5,4,5,2,3,3,4,1,7,3,3,2,3,1,1,2,4,3,3,3,3,3,3,1,1,2,3,3,4,2,2,1,2,1,3,3,4,2,4,3,4,1,1,3,3,1,1,1,5,6,6,1,1,1,2,1,3,4,4,1,2,1,1,1,3,3,3,3,3,4,4,1,1,3,5,1,1,1,3,1,1,2,2,1,1,1,1,3,3,2,2,2,2,2,2,2,3,1,1,1,1,2,3,2,4,4,5,3,4,3,3,3,4,4,4,2,2,2,2,4,5,1,3,1,1,3,3,2,3,3,3,2,2,1,1,2,2,2,2,1,1,4,4,1,1,1,4,1,3,3,5,3,5,1,2,4,4,2,3,2,4,2,2
